,reference
0,lembaga pembiayaan ekspor
1,lpei
2,lembaga ekspor indonesia
3,pembiayaan ekspor indonesia
4,kemenag
5,kemendagri
6,kemendagri ri
7,kementerian lingkungan hidup
8,kementerian kehutanan
9,menlhk
10,kementerian kelautan
11,kkp
12,kementerian kkp
13,kemenkeu
14,kemenko bidang pembangunan manusia dan kebudayaan
15,kemenko pembangunan manusia dan kebudayaan
16,kemenko pembangunan manusia
17,kemenko kebudayaan
18,kemenko budaya
19,kementerian pembangunan manusia
20,kemenkopmk
21,kementerian koordinator perekonomian
22,kemenko perekonomian
23,kementerian perekonomian
24,kemenko polhukam
25,polhukam
26,kementerian koperasi dan ukm
27,kemenkopukm
28,panrb
29,kemen panrb
30,kemen pupr
31,kemen pupr ri
32,kemenpora
33,kemenpora ri
34,kemendikbudristek
35,kemdikbud
36,kemendag
37,kemendag ri
38,kementrian ppn bappenas
39,bappenas
40,kemenhub
41,kemenhub ri
42,kemenperin
43,kemenperin ri
44,kementan
45,kementan ri
46,kemensos
47,kemensos ri
48,dpd
49,anggota dewan perwakilan daerah
50,anggota dpr
51,anggota dewan perwakilan rakyat
52,mahkamah agung
53,ma
54,mahkamah konstitusi
55,mk
56,mpr
57,majelis permusyawaratan rakyat
58,badan informasi geospasial
59,big
60,kanreg vi bkn medan
61,kantor regional xiv bkn manokwari
62,bin
63,badan intelijen negara
64,badan keamanan laut
65,bakamla
66,bkkbn
67,bkkbn provinsi sulawesi utara
68,badan meteorologi klimatologi dan geofisika
69,bmkg papua
70,bnn kota bengkulu
71,badan narkotika nasional provinsi jawa barat
72,bnpb provinsi jawa barat
73,badan nasional penanggulangan bencana provinsi jawa barat
74,badan nasional penanggulangan terorisme kabupaten bekasi
75,bnpt kota bogor
76,bp2mi
77,bp2mi jawa barat
78,bpom kabupaten bogor
79,badan pom
80,badan pengawas pemilu
81,inspektur utama badan pengawas pemilihan umum
82,bapeten
83,badan pengawas tenaga nuklir
84,bps provinsi sulawesi utara
85,badan pusat statistik provinsi bali
86,badan sar nasional basarnas
87,badan nasional pencarian dan pertolongan bnpp
88,badan standardisasi nasional
89,bsn
90,badan tenaga nuklir nasional
91,batan
92,dewan ketahanan nasional
93,wantannas
94,kejaksaan negeri kota kediri
95,kejaksaaan tinggi provinsi jawa tengah
96,kepolisian negara republik indonesia resor kota pontianak
97,kepolisian daerah provinsi di yogyakarta
98,komisi nasional ham
99,komnas ham
100,komisi pemberantasan korupsi
101,kpk
102,komisi pengawas persaingan usaha ri
103,kppu ri
104,lembaga administrasi negara
105,lan ri
106,lembaga ilmu pengetahuan indonesia
107,perwakilan lembaga ilmu pengetahuan indonesia
108,lembaga penerbangan dan antariksa nasional
109,lapan
110,lpp tvri
111,lembaga penyiaran publik
112,ombudsman republik indonesia
113,ombudsman ri
114,perpustakaan nasional ri
115,perpustakaan nasional republik indonesia
116,pusat pelaporan dan analisis transaksi keuangan
117,ppatk
118,sekretariat kabinet republik indonesia
119,setkab
120,anri
121,arsip nasional ri
122,tni angkatan udara
123,inspektorat jenderal tni
124,kasn ri
125,komisi aparatur sipil negara ri
126,badan pengatur hilir minyak dan gas bumi
127,bph migas
128,dewan pertimbangan presiden republik indonesia
129,wantimpres ri
130,kkri
131,komisi kejaksaan ri
132,komisi penyiaran indonesia pusat
133,komisi penyiaran indonesia daerah
134,lpsk ri
135,lembaga perlindungan saksi dan korban ri
136,dprd
137,dewan perwakilan rakyat daerah
138,indonesia eximbank
139,kantor staf presiden
140,badan penyelenggara jaminan sosial kesehatan
141,bpjs kesehatan
142,lembaga penjamin simpanan
143,lps
144,bnpp
145,bpks
146,badan pembinaan ideologi
147,bpip
148,radio republik indonesia
149,rri
150,djsn
151,dewan jaminan sosial
152,bkpm
153,badan koordinasi penanaman modal
154,pemerintahan badung
155,pemkab badung
156,pemerintahan bangli
157,pemkab bangli
158,pemerintahan buleleng
159,pemkab buleleng
160,pemerintahan jembrana
161,pemkab jembrana
162,pemerintahan karangasem
163,pemkab karangasem
164,pemerintahan klungkung
165,pemkab klungkung
166,pemerintahan denpasar
167,pemkot denpasar
168,pemerintahan bali
169,pemprov bali
170,pemerintah bangka barat
171,pemkab bangka barat
172,pemerintah bangka selatan
173,pemkab bangka selatan
174,pemerintahan belitung
175,pemkab belitung
176,pemerintah belitung timur
177,pemerintahan belitung timur
178,pemkab belitung timur
179,pemerintahan lebak
180,pemkab lebak
181,pemkab pandeglang
182,pemerintah pandeglang
183,pemkab serang
184,pemerintah serang
185,pemkot tangerang
186,pemkab bengkulu selatan
187,pemerintah bengkulu selatan
188,pemkab bengkulu tengah
189,pemerintah bengkulu tengah
190,pemkab bengkulu utara
191,pemerintah bengkulu utara
192,pemkab lebong
193,pemerintah lebong
194,pemkab muko muko
195,pemerintah muko muko
196,pemkab rejang lebong
197,pemerintah rejang lebong
198,pemkab seluma
199,pemerintah seluma
200,pemkab bantul
201,pemerintah bantul
202,pemkab gunung kidul
203,pemerintah gunung kidul
204,pemkab kulonprogo
205,pemerintah kulonprogo
206,pemkab sleman
207,pemerintah sleman
208,pemkot yogyakarta
209,pemprov di yogyakarta
210,pemprov diy
211,pemerintah yogyakarta
212,pemkab kepulauan seribu
213,pemerintah kab kepulauan seribu
214,pemkot jakarta barat
215,pemerintah kota adminsitrasi jakarta barat
216,pemkot jakarta selatan
217,pemerintah kota administrasi jakarta selatan
218,pemkot jakarta timur
219,pemerintah kota administrasi jakarta timur
220,pemkot jakarta utara
221,pemerintah kota administrasi jakarta utara
222,pemprov dki jakarta
223,pemerintah provinsi daerah khusus ibukota jakarta
224,pemkab boalemo
225,pemerintah boalemo
226,pemkab bone bolango
227,pemerintah bone bolango
228,pemkab gorontalo utara
229,pemerintah gorontalo utara
230,pemkab pohuwato
231,pemerintah pohuwato
232,pemprov gorontalo
233,pemkab batanghari
234,pemerintah batanghari
235,pemkab bungo
236,pemerintah bungo
237,pemkab kerinci
238,pemerintah kerinci
239,pemkab merangin
240,pemerintah merangin
241,pemkab sarolangun
242,pemerintah sarolangun
243,pemkab tanjung jabung barat
244,pemerintah tanjung jabung barat
245,pemkab tanjung jabung timur
246,pemerintah tanjung jabung timur
247,pemkaot jambi
248,pemkab sungai penuh
249,pemerintah sungai penuh
250,pemkab bandung
251,pemerintah bandung
252,pemkab bekasi
253,pemerintah bekasi
254,pemkab cianjur
255,pemerintah cianjur
256,pemkab garut
257,pemerintah garut
258,pemkab indramayu
259,pemerintah indramayu
260,pemkab kuningan
261,pemerintah kuningan
262,pemkab majalengka
263,pemerintah majalengka
264,pemkab pangandaran
265,pemerintah pangandaran
266,pemkab purwakarta
267,pemerintah purwakarta
268,pemkab subang
269,pemerintah subang
270,pemkab sukabumi
271,pemerintah sukabumi
272,pemkab sumedang
273,pemerintah sumedang
274,pemkab tasikmalaya
275,pemerintah tasikmalaya
276,pemkot bandung
277,pemkot banjar
278,pemkot cimahi
279,pemerintah cimahi
280,pemkot cirebon
281,pemkot depok
282,pemerintah depok
283,pemkot sukabumi
284,pemkot tasikmalaya
285,pemkab banjarnegara
286,pemerintah banjarnegara
287,pemkab banyumas
288,pemerintah banyumas
289,pemkab batang
290,pemerintah batang
291,pemkab cilacap
292,pemerintah cilacap
293,pemkab demak
294,pemerintah demak
295,pemkab grobogan
296,pemerintah grobogan
297,pemkab jepara
298,pemerintah jepara
299,pemkab karanganyar
300,pemerintah karanganyar
301,pemkab klaten
302,pemerintah klaten
303,pemkab kudus
304,pemerintah kudus
305,pemkab pati
306,pemerintah pati
307,pemkab pekalongan
308,pemerintah pekalongan
309,pemkab purbalingga
310,pemerintah purbalingga
311,pemkab rembang
312,pemerintah rembang
313,pemkab semarang
314,pemerintah semarang
315,pemkab tegal
316,pemerintah tegal
317,pemkab wonogiri
318,pemerintah wonogiri
319,pemkab wonosobo
320,pemerintah wonosobo
321,pemkot salatiga
322,pemerintah salatiga
323,pemkot semarang
324,pemkot surakarta
325,pemerintah surakarta
326,pemkot tegal
327,pemkab bangkalan
328,pemerintah bangkalan
329,pemkab banyuwangi
330,pemerintah banyuwangi
331,pemkab blitar
332,pemerintah blitar
333,pemkab bojonegoro
334,pemerintah bojonegoro
335,pemkab bondowoso
336,pemerintah bondowoso
337,pemkab gresik
338,pemerintah gresik
339,pemkab jember
340,pemerintah jember
341,pemkab kediri
342,pemerintah kediri
343,pemkab lumajang
344,pemerintah lumajang
345,pemkab madiun
346,pemerintah madiun
347,pemkab mojokerto
348,pemerintah mojokerto
349,pemkab nganjuk
350,pemerintah nganjuk
351,pemkab ngawi
352,pemerintah ngawi
353,pemkab pamekasan
354,pemerintah pamekasan
355,pemkab pasuruan
356,pemerintah pasuruan
357,pemkab ponorogo
358,pemerintah ponorogo
359,pemkab probolinggo
360,pemerintah probolinggo
361,pemkab sampang
362,pemerintah sampang
363,pemkab situbondo
364,pemerintah situbondo
365,pemkab sumenep
366,pemerintah sumenep
367,pemkab trenggalek
368,pemerintah trenggalek
369,pemkab tuban
370,pemerintah tuban
371,pemkot batu
372,pemerintah batu
373,pemkot blitar
374,pemkot kediri
375,pemkot madiun
376,pemkot malang
377,pemkot mojokerto
378,pemkot pasuruan
379,pemkot probolinggo
380,pemprov jawa timur
381,pemerintah jawa timur
382,pemprov jatim
383,pemkab bengkayang
384,pemerintah bengkayang
385,pemkab kapuas hulu
386,pemerintah kapuas hulu
387,pemkab kayong utara
388,pemerintah kayong utara
389,pemkab melawi
390,pemerintah melawi
391,pemkab mempawah
392,pemerintah mempawah
393,pemkab sanggau
394,pemerintah sanggau
395,pemkab sekadau
396,pemerintah sekadau
397,pemkab sintang
398,pemerintah sintang
399,pemkot pontianak
400,pemerintah pontianak
401,pemkab balangan
402,pemerintah balangan
403,pemkab banjar
404,pemerintah banjar
405,pemkab hulu sungai tengah
406,pemerintah hulu sungai tengah
407,pemkab hulu sungai utara
408,pemerintah hulu sungai utara
409,pemkab kotabaru
410,pemerintah kotabaru
411,pemkab tabalong
412,pemerintah tabalong
413,pemkab aceh barat
414,pemkab aceh barat daya
415,pemkab aceh jaya
416,pemkab aceh selatan
417,pemkab aceh singkil
418,pemkab aceh timur
419,pemkab aceh utara
420,pemkab alor
421,pemkab asmat
422,pemkab barito selatan
423,pemkab barito utara
424,pemkab belu
425,pemkab bener meriah
426,pemkab berau
427,pemkab bima
428,pemkab bintan
429,pemkab bireuen
430,pemkab boven digul
431,pemerintah kabupaten boven digul
432,pemkab boven digoel
433,pemkab buru
434,pemkab buru selatan
435,pemkab deiyai
436,pemkab dogiyai
437,pemkab fak fak
438,pemerintah kabupaten fakfak
439,pemkab fakfak
440,pemkab flores timur
441,pemerintah kabupaten flores
442,pemkab flores
443,pemkab gayo lues
444,pemkab halmahera barat
445,pemkab halmahera selatan
446,pemkab halmahera tengah
447,pemkab halmahera timur
448,pemkab halmahera utara
449,pemkab intan jaya
450,pemkab jayapura
451,pemkab jayawijaya
452,pemkab kaimana
453,pemkab kapuas
454,pemkab karimun
455,pemkab katingan
456,pemkab keerom
457,pemkab anambas
458,pemerintah kabupaten anambas
459,pemkab kepulauan anambas
460,pemkab kepulauan aru
461,pemkab aru
462,pemerintah kabupaten aru
463,pemkab yapen
464,pemerintah kabupaten yapen
465,pemkab kepulauan yapen
466,pemkab kotawaringin timur
467,pemkab kupang
468,pemkab kutai barat
469,pemkab kutai kartanegara
470,pemkab kutai timur
471,pemkab lamandau
472,pemkab lampung selatan
473,pemkab lampung tengah
474,pemkab lampung timur
475,pemkab lampung utara
476,pemkab lembata
477,pemkab lingga
478,pemkab lombok tengah
479,pemkab lombok timur
480,pemkab malaka
481,pemkab malinau
482,pemkab maluku barat daya
483,pemkab maluku tengah
484,pemkab maluku tenggara
485,pemkab mamberamo raya
486,pemkab mamberamo tengah
487,pemkab manggarai
488,pemkab manggarai barat
489,pemkab manggarai timur
490,pemkab manokwari
491,pemkab manokwari selatan
492,pemkab mappi
493,pemkab mesuji
494,pemkab mimika
495,pemkab murung raya
496,pemkab nagan raya
497,pemkab nduga
498,pemkab ngada
499,pemkab paniai
500,pemkab paser
501,pemkab penajam paser utara
502,pemerintah kabupaten penajam paser
503,pemkab penajam paser
504,pemkab ppu
505,pemerintah kabupaten ppu
506,pemkab pesawaran
507,pemkab pesisir barat
508,pemkab pidie
509,pemkab pringsewu
510,pemkab pulang pisau
511,pemkab pulau morotai
512,pemkab morotai
513,pemerintah kabupaten morotai
514,pemkab taliabu
515,pemerintah kabupaten taliabu
516,pemkab pulau taliabu
517,pemkab puncak jaya
518,pemkab rote ndao
519,pemkab seram bagian timur
520,pemkab seram timur
521,pemerintah kabupaten seram timur
522,pemkab seruyan
523,pemkab sumba barat daya
524,pemkab sumba tengah
525,pemkab sumba timur
526,pemkab sumbawa
527,pemkab sumbawa barat
528,pemkab supiori
529,pemkab tanah laut
530,pemkab tanggamus
531,pemkab tapin
532,pemkab tts
533,pemkab timteng selatan
534,pemerintah kabupaten timteng selatan
535,pemkab timor tengah selatan
536,pemerintah kabupaten tts
537,pemerintah kabupaten timteng utara
538,pemkab timor tengah utara
539,pemkab ttu
540,pemerintah kabupaten ttu
541,pemkab timteng utara
542,pemkab tulang bawang
543,pemerintah kabupaten tubaba
544,pemkab tubaba
545,pemkab tulang bawang barat
546,pemkab waropen
547,pemkab way kanan
548,pemkab yalimo
549,pemkot ambong
550,pemerintah kota ambong
551,pemkot ambon
552,pemkot balikpapan
553,pemkot bandarlampung
554,pemerintah kota bandarlampung
555,pemkot bandar lampung
556,pemkot banjarbaru
557,pemkot banjarmasin
558,pemerintah kota banjarmasih
559,pemkot banjarmasih
560,pemkot bima
561,pemkot bontang
562,pemkot jayapura
563,pemkot kupang
564,pemkot langsa
565,pemko lhokseumawe
566,pemkot lhokseumawe
567,pemkot mataram
568,pemkot metro
569,pemkot palangkaraya
570,pemkot palangka raya
571,pemerintah kota palangkaraya
572,pemkot sabang
573,pemkot subulussalam
574,pemkot tanjungpinang
575,pemerintah kota tanjungpinang
576,pemkot tanjung pinang
577,pemkot tarakan
578,pemkot tidore
579,pemerintah kota tidore
580,pemkot tidore kepulauan
581,pemkot tual
582,pemprov kalteng
583,pemerintah provinsi kalteng
584,pemprov kalimantan tengah
585,pemprov kaltim
586,pemerintah provinsi kaltim
587,pemprov kalimantan timur
588,pemerintah provinsi kaltara
589,pemprov kaltara
590,pemprov kalimantan utara
591,pemprov kepulauan riau
592,pemprov kepri
593,pemerintah provinsi kepri
594,pemprov maluku
595,pemprov malut
596,pemprov maluku utara
597,pemerintah provinsi malut
598,pemerintah provinsi nad
599,pemprov nad
600,pemprov nangroe aceh darussalam
601,pemprov ntb
602,pemerintah provinsi ntb
603,pemprov nusa tenggara barat
604,pemerintah provinsi ntt
605,pemprov ntt
606,pemprov nusa tenggara timur
607,pemprov papua
608,pemkab agam
609,pemkab asahan
610,pemkab banggai
611,pemkab banggai laut
612,pemkab bantaeng
613,pemkab banyuasin
614,pemkab barru
615,pemerintah kabupaten batubara
616,pemkab batu bara
617,pemkab bengkalis
618,pemkab bolaang mongondow selatan
619,pemkab bolaang mongondow timur
620,pemkab bolaang mongondow utara
621,pemkab bombana
622,pemkab bone
623,pemkab bulukumba
624,pemkab buol
625,pemkab buton
626,pemkab buton selatan
627,pemkab buton utara
628,pemkab deli serdang
629,pemkab dharmasraya
630,pemkab donggala
631,pemkab empat lawang
632,pemkab gowa
633,pemkab indragiri hulu
634,pemkab kampar
635,pemkab karo
636,pemkab kepulauan mentawai
637,pemkab kepulauan meranti
638,pemkab kepulauan sangihe
639,pemkab kepulauan selayar
640,pemkab kepulauan siau tagulandang biaro
641,pemkab kepulauan talaud
642,pemkab kolaka
643,pemkab kolaka timur
644,pemkab konawe
645,pemkab konawe selatan
646,pemkab konawe utara
647,pemkab kuantan singingi
648,pemkab langkat
649,pemkab luwu timur
650,pemkab luwu utara
651,pemkab majene
652,pemkab mamasa
653,pemkab mamuju
654,pemkab mamuju tengah
655,pemkab mandailing natal
656,pemkab minahasa utara
657,pemkab morowali utara
658,pemkab muara enim
659,pemkab musi banyuasin
660,pemkab musi rawas
661,pemkab nias
662,pemkab nias barat
663,pemkab nias selatan
664,pemkab ogan ilir
665,pemkab ogan komering ulu selatan
666,pemkab ogan komering ulu timur
667,pemkab padang lawas utara
668,pemkab padang pariaman
669,pemkab pakpak bharat
670,pemkab pangkajene kepulauan
671,pemkab parigi moutong
672,pemkab pasaman
673,pemkab pasaman barat
674,pemkab pegunungan arfak
675,pemkab pelalawan
676,pemkab pesisir selatan
677,pemkab pinrang
678,pemkab poso
679,pemkab raja ampat
680,pemkab rokan hilir
681,pemkab rokan hulu
682,pemkab siak
683,pemkab sidenreng rappang
684,pemkab sijunjung
685,pemkab solok
686,pemkab soppeng
687,pemkab sorong selatan
688,pemkab tambrauw
689,pemkab tana toraja
690,pemkab tapanuli selatan
691,pemkab tapanuli utara
692,pemkab teluk bintuni
693,pemkab toba samosir
694,pemkab tojo una una
695,pemkab toli toli
696,pemerintah kabupaten tolitoli
697,pemkab toraja utara
698,pemkab wajo
699,pemkab wakatobi
700,pemerintah kota baubau
701,pemkot bau bau
702,pemkot baubau
703,pemkot bitung
704,pemkot bukittinggi
705,pemkot gunungsitoli
706,pemkot kendari
707,pemkot kotamobagu
708,pemkot lubuk linggau
709,pemkot manado
710,pemkot medan
711,pemkot padang
712,pemkot padang panjang
713,pemkot padangsidimpuan
714,pemkot pagar alam
715,pemkot palembang
716,pemkot palopo
717,pemkot palu
718,pemerintah kota parepare
719,pemkot pare pare
720,pemkot pariaman
721,pemkot payakumbuh
722,pemkot pekanbaru
723,pemkot pematang siantar
724,pemkot prabumulih
725,pemkot sawahlunto
726,pemkot sibolga
727,pemkot sorong
728,pemkot tanjung balai
729,pemprov papua barat
730,pemprov riau
731,pemprov sulawesi tengah
732,pemerintah provinsi sulteng
733,pemerintah provinsi sultra
734,pemprov sulawesi tenggara
735,pemerintah provinsi sumsel
736,pemprov sumatera selatan
737,pemerintah provinsi sumut
738,pemprov sumatera utara
739,airnav
740,perum penerbangan indonesia
741,perum pelayanan navigasi indonesia
742,bulog
743,perum bulog kanwil kaltim  kaltara
744,damri
745,djawatan angkoetan motor repoeblik indonesia
746,perusahaan umum damri
747,jasa tirta i
748,jasa tirta ii
749,perum kehutanan indonesia
750,perhutani
751,perum kehutanan negara
752,kehutanan negara
753,berita nasional antara
754,perum berita nasional antara
755,kantor berita nasional antara
756,kantor berita nasional
757,lkbn
758,kantor berita antara
759,perum pembangunan perumahan nasional
760,perumnas
761,perumahan nasional
762,pembangunan perumahan nasional
763,perum percetakan negara republik indonesia
764,pnri
765,percetakan negara
766,percetakan negara republik indonesia
767,perum percetakan
768,perum percetakan indonesia
769,percetakan republik indonesia
770,percetakan uang indonesia
771,perum percetakan uang republik indonesia
772,peruri
773,perum produksi film negara
774,pfn
775,produksi film negara
776,perum film
777,perum produksi film
778,amarta karya
779,pt amarta
780,pt amarta karya
781,angkasa pura i
782,pt angkasa pura i
783,pt angkasa i
784,angkasa i
785,angkasa pura ii
786,pt angkasa pura ii
787,pt angkasa ii
788,angkasa ii
789,asuransi sosial angkatan bersenjata republik indonesia
790,asuransi angkatan bersenjata
791,asuransi angkatan bersenjata indonesia
792,pt asdp ferry indonesia
793,pt asdp
794,asdp
795,asdp indonesia ferry
796,asdp indonesia
797,pt ferry indonesia
798,pt indonesia ferry
799,pt asdp indonesia ferry
800,pt asuransi jiwasraya
801,asuransi jiwasraya
802,jiwasraya
803,pt jiwasraya
804,pt bahana pembinaan usaha indonesia
805,bahana pembinaan usaha indonesia
806,indonesia financial group ifg
807,indonesia financial group
808,ifg
809,pembinaan usaha indonesia
810,pt bni
811,bni
812,bank negara indonesia
813,bank bni
814,bank nasional indonesia bni 46
815,bni 46
816,bank bni cabang maros
817,pt bank bni kantor cabang karawang
818,pt bank bni
819,direktur utama pt bni
820,nasabah bni
821,pt bni persero tbk
822,debitur bni
823,bni life
824,bni life insurance
825,bni kantor wilayah 07
826,bni kantor wilayah 12
827,bni divisi solusi ritel
828,bni divisi pengelolaan jaringan
829,bni cabang jakarta kramat
830,pt bank tabungan negara
831,bank tabungan negara
832,pt btn
833,btn
834,bank btn
835,rcm51 btn makassar
836,btn pluit
837,pt barata indonesia
838,barata indonesia
839,pt barata
840,barata
841,pt berdikari
842,berdikari
843,berdikari indonesia
844,pt berdikari indonesia
845,pt bhanda ghara reksa
846,bgr
847,pt bgr
848,bhanda
849,bgr logistics
850,bgr logistik
851,pt bgr logistik indonesia
852,logistik bgr
853,bgr indonesia
854,pt biro klasifikasi indonesia
855,biro klasifikasi indonesia
856,bki
857,biro klasifikasi
858,pt bki
859,pt biro klarifikasi
860,pt brantas abipraya
861,pt brantas
862,pt abipraya
863,pt dahana
864,dahana
865,pt dana tabungan dan asuransi pegawai negeri   taspen
866,pt taspen
867,taspen
868,pt taspen kantor pusat
869,pt taspen kc bengkulu
870,pt asuransi pegawai negeri
871,pt dana tabungan
872,danareksa
873,pt danareksa
874,pt djakarta lloyd
875,djakarta lloyd
876,pt garuda indonesia
877,garuda indonesia
878,pt dok dan perkapalan kodja bahari
879,kodja bahari
880,dok dan perkapalan kodja bahari
881,pt energi management indonesia
882,energi management indonesia
883,pt emi
884,emi
885,pt geodipa
886,geodipa indonesia
887,geodipa energi
888,geo dipa energi
889,geo dipa
890,hutama karya
891,pt hutama karya
892,hutama karya indonesia
893,pt hutama karya indonesia
894,pt indra karya
895,indra karya
896,indra karya indonesia
897,pt inalum
898,inalum
899,pt indonesia asahan aluminium
900,indonesia asahan aluminium
901,asahan aluminium indonesia
902,pt indah karya
903,indah karya
904,pt industri nuklir indonesia
905,pt inuki
906,inuki
907,industri nuklir indonesia
908,pt nuklir indonesia
909,pt industri nuklir
910,pt industri sandang nusantara
911,pt isn
912,isn
913,isn industri sandang nusantara  vendor garment
914,isn industri sandang nusantara
915,pt industri sandang
916,pt industri telekomunikasi indonesia
917,pt inti
918,inti
919,pt industri telekomunikasi
920,pt istaka karya
921,istaka karya
922,pt istaka
923,jakarta industrial estate pulogadung
924,pt jiep
925,jiep
926,industrial estate pulogadung
927,jiep ecogreen
928,pt jasa marga
929,jasa marga
930,pt kawasan berikat nusantara
931,kawasan berikat nusantara
932,pt kbn
933,pt kawasan berikat
934,berikat nusantara
935,pt kawasan industri wijayakusuma
936,pt kiw
937,kawasan industri wijayakusuma
938,kiw
939,pt kimia farma
940,kimia farma
941,pt kliring berjangka indonesia
942,kliring berjangka indonesia
943,pt kbi
944,kbi
945,pt pal
946,pal
947,pt pal indonesia
948,penataran angkatan laut
949,pt pann pembiayaan maritim
950,pann maritim
951,pann pembiayaan
952,pt pembiayaan maritim
953,pt pegadaian
954,pegadaian
955,kantor pegadaian
956,kantor pegadaian kanwil viii jakarta
957,pt pegadaian probolinggo
958,pt pegadaian area samarinda
959,pt pegadaian sentra layanan ultra mikro loa
960,pt pegadaian kanwil iv balikpapan
961,pt pelabuhan indonesia
962,pelabuhan
963,pelabuhan indonesia
964,pt pelayaran nasional indonesia
965,pelayaran nasional indonesia
966,pt pelni
967,pelni
968,pt pembangunan perumahan
969,pt pp
970,pp
971,pembangunan perumahan
972,pt pengembangan pariwisata indonesia
973,indonesia tourism development coporation itdc
974,indonesia tourism development coporation
975,itdc
976,pt pengusahaan daerah industri pulau batam
977,pengusahaan daerah industri pulau batam
978,persero batam
979,pengusahaan daerah industri batam
980,pt penjaminan infrastruktur indonesia
981,penjaminan infrastruktur indonesia
982,pii
983,pt pii
984,penjaminan infrastruktur
985,perkebunan nusantara iii
986,ptpn iii
987,ptpn 3
988,pt perkebunan nusantara
989,pt permodalan nasional madani
990,permodalan nasional madani
991,pt pnm
992,pnm
993,permodalan madani
994,permodalan nasional
995,pt pertamina
996,pertamina
997,pt pertamina lubricants
998,pt pertamina patra niaga
999,cfo pt pertamina
1000,pertamina geothermal
1001,pt kilang pertamina internasional
1002,pt pertani
1003,pertani
1004,pt perusahaan gas negara
1005,perusahaan gas negara
1006,pt pertamina gas negara
1007,pertamina gas negara
1008,pt pgn
1009,pgn
1010,pgn lng
1011,pt perusahaan listrik negara
1012,perusahaan listrik negara
1013,pt pln
1014,pln
1015,pln batubara
1016,pln bb
1017,pln batubara pln bb
1018,pln persero
1019,pln uiw ntb
1020,pln uip nusra
1021,pt perusahaan perdagangan indonesia
1022,perusahaan perdagangan indonesia
1023,pt ppi
1024,ppi
1025,indonesia trading company
1026,itc
1027,pt pos indonesia
1028,pos indonesia
1029,kantor pos mamuju
1030,kantor pos
1031,pt pos indonesia kc cirebon
1032,pt pupuk indonesia
1033,pupuk indonesia holding company
1034,pt reasuransi indonesia utama
1035,reasuransi indonesia utama
1036,pt reindo
1037,reindo
1038,pt reasuransi internasional indonesia
1039,pt sarana multi infrastruktur
1040,sarana multi infrastruktur
1041,pt smi
1042,smi
1043,pt sarinah
1044,sarinah
1045,pt semen baturaja
1046,semen baturaja
1047,pt semen indonesia
1048,semen indonesia
1049,pt sig
1050,sig
1051,pt varuna tirta prakasya
1052,varuna tirta prakasya
1053,pt vtp
1054,vtp
1055,pt virama karya
1056,pt virama
1057,pt waskita karya
1058,waskita karya
1059,pt waskita
1060,pt wijaya karya
1061,wijaya karya
1062,pt yodya karya
1063,yodya karya
1064,pt yodya
1065,perum perikanan
1066,perumperindo
1067,pt nindya karya
1068,pt nindya
1069,surabaya industrial estate rungkut
1070,surabaya industrial estate
1071,industrial estate rungkut
1072,pt sier
1073,sier
1074,estate rungkut
1075,kawasan industri lampung
1076,kil
1077,pt pengembangan armada niaga nasional
1078,pengembangan armada niaga nasional
1079,pt pann
1080,pann
1081,pengembangan armada niaga
1082,pengembangan armada nasional
1083,pt iglas
1084,iglas
1085,pt kertas kraft aceh
1086,kertas kraft aceh
1087,pt kka
1088,kka
1089,pt sarana multigriya finansial
1090,sarana multigriya finansial
1091,pt smf
1092,smf
1093,pt sarana multigriya
1094,sarana multigriya
1095,multigriya finansial
1096,pt indofarma
1097,pt indonesia farma
1098,indofarma
1099,indonesia farma
1100,pt primissima
1101,primissima
1102,pt industri kereta api
1103,industri kereta api
1104,inka
1105,pt inka
1106,pt semen kupang
1107,semen kupang
1108,pt kawasan industri makassar
1109,kawasan industri makassar
1110,pt kima
1111,kima
1112,perum lembaga penyelenggara pelayanan navigasi penerbangan indonesia
1113,perum lppnpi
1114,airnav indonesia
1115,perum bulog kabupaten probolinggo
1116,perum damri uabk bandung
1117,jasa tirta
1118,jasa tirta 2
1119,perum perhutani kph bandung utara
1120,perum perhutani divisi regional jawa barat dan banten
1121,perusahaan umum pembangunan perumahan nasional
1122,perum perumnas
1123,perum pnri
1124,perusahaan umum percetakan negara republik indonesia
1125,perum peruri
1126,perum pfn
1127,perusahaan umum produksi film negara
1128,pt amka
1129,angkasa pura
1130,ap1
1131,angkasa pura 2
1132,ap2
1133,pt asabri persero
1134,perseta asabri pensiunan polri
1135,bpui
1136,bank bni kantor cabang karawang
1137,pt bio farma bandung
1138,bio farma
1139,pt biro klasifikasi indonesia persero cabang cirebon
1140,brantas abipraya
1141,kantor pusat pt brantas abipraya persero
1142,pt dahana subang
1143,pt taspen persero
1144,pt dkb
1145,emipersero
1146,pt geo dipa energi persero
1147,hk
1148,pt inuki persero
1149,pt isn persero
1150,industri sandang nusantara
1151,pt inti persero
1152,pt jasa marga cabang purbaleunyi
1153,jasa raharja
1154,jasa raharja bandung
1155,pt kimia farma tbk
1156,pal indonesia
1157,pann pembiayaan maritim
1158,pelabuhan indonesia iii
1159,pelindo iii
1160,pelabuhan indonesia iv
1161,pelindo iv
1162,pt pdi batam
1163,pt persero batam
1164,pt pii persero
1165,pt perinus
1166,pt perinus persero
1167,pt perkebunan nusantara iii persero
1168,pt pnm persero
1169,pupuk indonesia
1170,pt pupuk indonesia persero
1171,indonesia re
1172,pt virama karya persero cabang jawa timur
1173,virama karya cabang surabaya
1174,virama karya
1175,pt waskita karya cabang bali
1176,pt waskita beton precast tbk
1177,pt waskita toll road
1178,pt waskita karya realty
1179,pt waskita karya energi
1180,pt wika
1181,pt wijaya karya beton
1182,pt wijaya karya industri konstruksi
1183,pt wijaya karya bitumen
1184,pt wijaya karya bangunan gedung
1185,pt wijaya karya rekayasa konstruksi
1186,pt wijaya karya realty
1187,pt wijaya karya serang panimbang
1188,pt wika tirta jaya jatiluhur
1189,pt yodya karya sby
1190,pt yodya karya persero region i
1191,pt yodya karya kupang
1192,pt nindya karya wilayah iv
1193,pt kawasan industri lampung
1194,pt iglas indonesia
1195,pt industri gelas
1196,smfindonesia
1197,pt telkom indonesia
1198,primissima batik
1199,pt kawasan industri medan
1200,pt kim
1201,kim
1202,kementerian desa
1203,kementerian desa pdtt
1204,pdtt
1205,kementerian pembangunan daerah tertinggal
1206,kementerian transmigrasi
1207,kementerian tenaga kerja
1208,kemnaker
1209,kemenko kemaritiman dan investasi
1210,kementerian koordinator kemaritiman
1211,kementerian koordinator investasi
1212,kemenko kemaritiman
1213,kemenko investasi
1214,kementerian koordinator kemaritiman dan investasi
1215,kemenko bidang kemaritiman dan investasi
1216,kemensetneg
1217,setneg ri
1218,bpkp
1219,perwakilan bpkp provinsi sulawesi barat
1220,lembaga kebijakan pengadaan barang jasa pemerintah
1221,lkpp ri
1222,bnsp republik indonesia
1223,badan nasional sertifikasi profesi republik indonesia
1224,otoritas jasa keuangan
1225,ojk
1226,satuan kerja khusus pelaksana kegiatan usaha hulu minyak dan gas bumi
1227,skk migas
1228,pemerintahan bangka
1229,pemkab bangka
1230,pemerintah bangka tengah
1231,pemkab bangka tengah
1232,pemerintahan pangkalpinang
1233,pemkot pangkalpinang
1234,pemkabtangerang
1235,pemerintah tangerang
1236,pemprov banten
1237,pemerintah banten
1238,pemkab gorontalo
1239,pemerintah gorontalo
1240,pemkot kota gorontalo
1241,pemkab muaro jambi
1242,pemerintah muaro jambi
1243,pemprov jambi
1244,pemkab kendal
1245,pemerintah kendal
1246,pemkab purworejo
1247,pemerintah purworejo
1248,pemprov jawa tengah
1249,pemerintah jawa tengah
1250,pemprov jateng
1251,pemkab sidoarjo
1252,pemerintah sidoarjo
1253,pemkab aceh tengah
1254,pemkab gunung mas
1255,pemkab mahakam ulu
1256,pemkab maluku tenggara barat
1257,pemkab merauke
1258,pemkab pegunungan bintang
1259,pemkab pidie jaya
1260,pemkab puncak
1261,pemkab sabu raijua
1262,pemerintah kabupaten saburaijua
1263,pemkab saburaijua
1264,pemkab sukamara
1265,pemkab sumba barat
1266,pemkab tanah bumbu
1267,pemkot samarinda
1268,pemprov lampung
1269,pemkab jeneponto
1270,pemkab kolaka utara
1271,pemkab labuhanbatu utara
1272,pemkab lahat
1273,pemkab lima puluh kota
1274,pemkab padang lawas
1275,pemkab pasangkayu
1276,pemkab penukal abab lematang ilir
1277,pemkab serdang bedagai
1278,pemkab simalungun
1279,pemkab sinjai
1280,pemkab sorong
1281,pemkot dumai
1282,pemkot solok
1283,pemkot tebing tinggi
1284,pemkot tomohon
1285,pemerintah provinsi sulut
1286,pemprov sulawesi utara
1287,jamkrindo
1288,jaminan kredit indonesia
1289,pt jaminan kredit indonesia
1290,pt bank rakyat indonesia
1291,bank rakyat indonesia
1292,bri
1293,pt bri
1294,pt bank rakyat indonesia bri
1295,bank rakyat indonesia bri
1296,bank bri unit prambanan
1297,pt bank bri persero cabang ujung batu
1298,bri kanwil jakarta 2
1299,bri insurance
1300,bank bri
1301,bri masamba
1302,bank bri pematang siantar
1303,bri kantor pusat
1304,bank bri cabang blitar
1305,kacab bri samarinda 1
1306,bri cabang luwuk
1307,bri cabang brebes
1308,bri cabang purwodadi
1309,bri kc dmpu
1310,bank bri kc pandeglang
1311,bri kacap banjarnegara
1312,bank bri cabang palopo
1313,bri kramat
1314,bri cabang maros
1315,bri custody
1316,bri samarinda 2
1317,bank bri cabang dago
1318,bank bri cab fakfak
1319,bri cabang temanggung
1320,bank bri kantor cabang bkkbn
1321,pt bri cabang bojonegoro dan pt bri cabang nganjuk
1322,bri kcp bkkbn
1323,kck bri
1324,bio farma indonesia
1325,pt bio farma
1326,pt bio farma indonesia
1327,biofarma
1328,pt boma bisma indra
1329,boma bisma indra
1330,bbi
1331,boma indra
1332,boma bisma
1333,bisma indra
1334,pt industri kapal indonesia
1335,pt iki
1336,iki
1337,pt krakatau steel
1338,krakatau steel
1339,kras
1340,pt kras
1341,pt len industri
1342,len industri
1343,pt len
1344,len indonesia
1345,pt perusahaan pengelola aset
1346,perusahaan pengelola aset
1347,pt ppa
1348,ppa
1349,pt survai udara penas
1350,pt survai udara
1351,survai udara penas
1352,penas
1353,pt jamkrindo
1354,pt jamkrindo cabang bandung
1355,bank rakyat indonesia cabang sintang
1356,pt boma bisma indra persero cabang jakarta
1357,pt iki persero
1358,industri kapal indonesia
1359,len
1360,pelindo i
1361,shs
1362,pt sang hyang seri cabang sidrap
1363,pt aviasi pariwisata indonesia
1364,kementerian agraria
1365,kementerian tata ruang
1366,kementerian badan pertanahan nasional
1367,badan pertanahan nasional
1368,atr
1369,bpn
1370,atr bpn
1371,kementerian energi
1372,kementerian sumber daya mineral
1373,esdm
1374,kementerian energi dan sumber daya mineral
1375,kementerian hukum
1376,kementerian hukum dan ham
1377,kementerian ham
1378,kementerian hak asasi manusia
1379,kemenkumham
1380,kemenkes
1381,kementerian kemenkes
1382,kementerian komunikasi
1383,kementerian informatika
1384,kominfo
1385,kemlu
1386,kemlu ri
1387,kementrian bumn
1388,kemen bumn
1389,kemenparekraf
1390,kemenparekraf ri
1391,kemen pppa
1392,kementrian pp  pa
1393,kemhan
1394,departemen pertahanan
1395,bpk
1396,badan pemeriksa keuangan
1397,ky
1398,komisi yudisial ky
1399,kementrian investasi bkpm
1400,kementrian investasi
1401,bppt
1402,perwakilan bppt
1403,badan pengusahaan batam bp batam
1404,bp batam
1405,bssn
1406,badan siber dan sandi negara
1407,kpu kabupaten memberamo raya
1408,komisi pemilihan umum kabupaten fakfak
1409,lembaga ketahanan nasional
1410,lemhannas ri
1411,badan pengelola keuangan haji
1412,bpkh
1413,badan penyelenggara jaminan sosial ketenagakerjaan
1414,bpjamsostek
1415,bpjs ketenagakerjaan
1416,bank indonesia bi
1417,bi
1418,pemerintahan gianyar
1419,pemkab gianyar
1420,pemerintahan tabanan
1421,pemkab tabanan
1422,pemkab cilegon
1423,pemerintah cilegon
1424,pemkab tangerang selatan
1425,pemkab tangsel
1426,pemerintah tangerang selatan
1427,pemkab kaur
1428,pemerintah kaur
1429,pemkab kepahiang
1430,pemerintah kepahiang
1431,pemkot bengkulu
1432,pemprov bengkulu
1433,pemerintah bengkulu
1434,pemkot jakarta pusat
1435,pemerintah kota administrasi jakarta pusat
1436,pemkab tebo
1437,pemerintah tebo
1438,pemkab bandung barat
1439,pemerintah bandung barat
1440,pemkab bogor
1441,pemerintah bogor
1442,pemkab ciamis
1443,pemerintah ciamis
1444,pemkab cirebon
1445,pemerintah cirebon
1446,pemkab karawang
1447,pemerintah karawang
1448,pemkot bekasi
1449,pemkot bogor
1450,pemprov jawa barat
1451,pemerintah jawa barat
1452,pemprov jabar
1453,pemkab blora
1454,pemerintah blora
1455,pemkab boyolali
1456,pemerintah boyolali
1457,pemkab brebes
1458,pemerintah brebes
1459,pemkab kebumen
1460,pemerintah kebumen
1461,pemkab magelang
1462,pemerintah magelang
1463,pemkab pemalang
1464,pemerintah pemalang
1465,pemkab sragen
1466,pemerintah sragen
1467,pemkab sukoharjo
1468,pemerintah sukoharjo
1469,pemkab temanggung
1470,pemerintah temanggung
1471,pemkot magelang
1472,pemkot pekalongan
1473,pemkab jombang
1474,pemerintah jombang
1475,pemkab lamongan
1476,pemerintah lamongan
1477,pemkab malang
1478,pemerintah malang
1479,pemkab magetan
1480,pemerintah magetan
1481,pemkab pacitan
1482,pemerintah pacitan
1483,pemkab tulungagung
1484,pemerintah tulungagung
1485,pemkot surabaya
1486,pemerintah surabaya
1487,pemkab ketapang
1488,pemerintah ketapang
1489,pemkab kubu raya
1490,pemerintah kubu raya
1491,pemkab landak
1492,pemerintah landak
1493,pemkab sambas
1494,pemerintah sambas
1495,pemkot singkawang
1496,pemerintah singkawang
1497,pemprov kalimantan barat
1498,pemerintah kalimantan barat
1499,pemprov kalbar
1500,pemkab barito kuala
1501,pemerintah barito kuala
1502,pemkab hulu sungai selatan
1503,pemerintah hulu sungai selatan
1504,pemkab aceh besar
1505,pemkab aceh tamiang
1506,pemkab aceh tenggara
1507,pemkab barito timur
1508,pemkab biak numfor
1509,pemkab bulungan
1510,pemkab dompu
1511,pemkab ende
1512,pemerintah kabupaten sula
1513,pemkab kepulauan sula
1514,pemkab sula
1515,pemkab kotawaringin barat
1516,pemkab lampung barat
1517,pemkab lanny jaya
1518,pemkab lombok barat
1519,pemkab lombok utara
1520,pemkab nabire
1521,pemkab nagekeo
1522,pemkab natuna
1523,pemkab nunukan
1524,pemkab sarmi
1525,pemkab seram bagian barat
1526,pemkab seram barat
1527,pemerintah kabupaten seram barat
1528,pemkab sikka
1529,pemkab simeulue
1530,pemkab tana tidung
1531,pemerintah ktt
1532,pemkab tolikara
1533,pemkab yahukimo
1534,pemkot banda aceh
1535,pemkot batam
1536,pemkot ternate
1537,pemprov kalimantan selatan
1538,pemerintah provinsi kalsel
1539,pemprov kalsel
1540,pemprov kepulauan babel
1541,pemerintah provinsi kepulauan babel
1542,pemerintah provinsi babel
1543,pemprov babel
1544,pemprov bangka belitung
1545,pemerintah provinsi bangka belitung
1546,pemprov kepulauan bangka belitung
1547,pemkab banggai kepulauan
1548,pemkab bolaang mongondow
1549,pemkab buton tengah
1550,pemkab dairi
1551,pemkab enrekang
1552,pemkab humbang hasundutan
1553,pemkab indragiri hilir
1554,pemkab konawe kepulauan
1555,pemkab labuhanbatu
1556,pemkab labuhanbatu selatan
1557,pemkab luwu
1558,pemkab maros
1559,pemkab maybrat
1560,pemkab minahasa
1561,pemkab minahasa selatan
1562,pemkab minahasa tenggara
1563,pemkab morowali
1564,pemkab muna
1565,pemkab muna barat
1566,pemkab musi rawas utara
1567,pemkab nias utara
1568,pemkab ogan komering ilir
1569,pemkab ogan komering ulu
1570,pemkab polewali mandar
1571,pemkab samosir
1572,pemkab sigi
1573,pemkab solok selatan
1574,pemkab takalar
1575,pemkab tanah datar
1576,pemkab tapanuli tengah
1577,pemkab teluk wondama
1578,pemkot binjai
1579,pemkot makassar
1580,pemprov sulawesi barat
1581,pemerintah provinsi sulbar
1582,pemprov sulawesi selatan
1583,pemerintah provinsi sulsel
1584,pemprov sumatera barat
1585,pemerintah provinsi sumbar
1586,perum pengangkutan penumpang djakarta
1587,ppd
1588,pengangkutan penumpang djakarta
1589,perum pengangkutan penumpang
1590,pt adhi karya
1591,adhi karya
1592,adhi
1593,pt adhi
1594,asuransi jasa indonesia
1595,pt asuransi jasa indonesia
1596,pt asuransi kredit indonesia
1597,asuransi kredit indonesia
1598,bank mandiri
1599,pt bank mandiri
1600,nasabah bank mandiri pemilik toko parfum
1601,nasabah bank mandiri
1602,bank mandiri pematang siantar kcp sutomo
1603,bank mandiri kcp
1604,bank mandiri taspen
1605,pt bank mandiri cabang
1606,pt bank mandiri cabang cikampek
1607,pt bank mandiri cikampek
1608,bank mandiri cabang samarinda
1609,pt bank mandiri cabang samarinda
1610,bank mandiri cabang gunungsari
1611,pt bina karya
1612,bina karya
1613,bina karya indonesia
1614,pt bina karya indonesia
1615,pt dirgantara indonesia
1616,pt di
1617,pt garam
1618,pt hotel indonesia natour
1619,hotel natour
1620,natour hotel
1621,natour indonesia
1622,pt asuransi jasa raharja
1623,pt jasa raharja
1624,asuransi jasa raharja
1625,pt penerbitan dan percetakan balai pustaka
1626,pt balai pustaka
1627,balai pustaka
1628,penerbitan balai pustaka
1629,percetakan balai pustaka
1630,pt perikanan nusantara
1631,perikanan nusantara
1632,perinus
1633,pt pindad
1634,pindad
1635,pt rajawali nusantara indonesia
1636,rajawali nusantara indonesia
1637,pt rni
1638,rni
1639,id food
1640,rajawali nusindo
1641,pt rajawali nusindo
1642,pt sang hyang seri
1643,sang hyang seri
1644,pt shs
1645,sucofindo
1646,pt sucofindo
1647,pt superintending company of indonesia
1648,superintending company of indonesia
1649,pt surveyor indonesia
1650,surveyor indonesia
1651,ptsi
1652,pt taman wisata candi borobudur prambanan dan ratu boko
1653,taman wisata candi borobudur prambanan dan ratu boko
1654,pt twc
1655,pt taman wisata candi
1656,taman wisata candi
1657,pt kereta api indonesia
1658,kereta api indonesia
1659,pt kai
1660,kai
1661,pt kereta api
1662,pt telkom pcc
1663,pt telekomunikasi indonesia
1664,pt telkom indonesia tbk
1665,pt telkom
1666,telkom
1667,telkom indonesia
1668,pt dok dan perkapalan surabaya dps
1669,pt dok dan perkapalan surabaya
1670,dok dan perkapalan surabaya
1671,pt dps
1672,lembaga kantor berita nasional antara biro jawa barat
1673,perum lkbn antara
1674,perum ppd
1675,perusahaan umum pengangkutan penumpang djakarta
1676,asuransi jasindo
1677,askrindo
1678,pt askrindo
1679,bank mandiri cihampelas
1680,bank btn jayapura
1681,bina karya persero
1682,ptdi
1683,garam
1684,pt garam persero
1685,pt hin
1686,inna hotels and resorts
1687,pt indonesia asahan aluminium persero
1688,pelindo ii
1689,pelabuhan indonesia ii
1690,indofarma tbk
1691,indofarma global medika
1692,indofarma global medika cabang
1693,pt igm
1694,perum lembaga penyelenggara pelayanan navigasi penerbangan indonesia airnav
1695,perum bulog
1696,perum damri
1697,pt jaminan kredit indonesia jamkrindo
1698,perum jasa tirta i
1699,perum jasa tirta ii
1700,perum kehutanan negara perhutani
1701,perum lembaga kantor berita nasional antara
1702,perum pembangunan perumahan nasional perumnas
1703,perum pengangkutan penumpang djakarta ppd
1704,perum percetakan negara republik indonesia pnri
1705,perum percetakan uang republik indonesia peruri
1706,perum produksi film negara pfn
1707,pt adhi karya persero tbk
1708,pt amarta karya persero
1709,pt angkasa pura i persero
1710,pt angkasa pura ii persero
1711,pt asdp indonesia ferry persero
1712,pt asuransi jasa indonesia persero
1713,pt asuransi jiwasraya persero
1714,pt asuransi kredit indonesia persero
1715,pt bahana pembinaan usaha indonesia persero
1716,pt bank mandiri persero tbk
1717,pt bank negara indonesia persero tbk bni
1718,pt bank rakyat indonesia persero tbk bri
1719,pt bank tabungan negara persero tbk btn
1720,pt barata indonesia persero
1721,pt berdikari persero
1722,pt bhanda ghara reksa persero
1723,pt bina karya persero
1724,pt bio farma persero
1725,pt biro klasifikasi indonesia persero
1726,pt boma bisma indra persero
1727,pt brantas abipraya persero
1728,pt dahana persero
1729,pt dana tabungan dan asuransi pegawai negeri   taspen persero
1730,pt danareksa persero
1731,pt dirgantara indonesia persero
1732,pt djakarta lloyd persero
1733,pt garuda indonesia persero tbk
1734,pt dok dan perkapalan kodja bahari persero
1735,pt energi management indonesia persero
1736,pt geodipa energi
1737,pt hotel indonesia natour persero
1738,pt hutama karya persero
1739,pt indra karya persero
1740,pt indonesia asahan alumunium persero inalum
1741,pt indah karya persero
1742,pt industri kapal indonesia persero
1743,pt industri nuklir indonesia persero
1744,pt industri sandang nusantara persero
1745,pt industri telekomunikasi indonesia persero
1746,pt istaka karya persero
1747,pt jakarta industrial estate pulogadung
1748,pt jasa marga persero tbk
1749,pt asuransi jasa raharja persero
1750,pt kawasan berikat nusantara persero
1751,pt kawasan industri wijayakusuma persero
1752,pt kimia farma persero tbk
1753,pt kliring berjangka indonesia persero
1754,pt krakatau steel persero tbk
1755,pt len industri persero
1756,pt pal indonesia persero
1757,pt pann pembiayaan maritim persero
1758,pt pegadaian persero
1759,pt pelabuhan indonesia persero
1760,pt pelayaran nasional indonesia persero pelni
1761,pt pembangunan perumahan persero
1762,pt penerbitan dan percetakan balai pustaka persero
1763,pt pengembangan pariwisata indonesia persero
1764,pt pengusahaan daerah industri pulau batam persero
1765,pt penjaminan infrastruktur indonesia persero
1766,pt perikanan nusantara persero
1767,pt perkebunan nusantara iii
1768,pt permodalan nasional madani persero
1769,pt pertamina persero
1770,pt pertani persero
1771,pt perusahaan gas negara persero tbk
1772,pt perusahaan listrik negara persero pln
1773,pt perusahaan pengelola aset persero
1774,pt perusahaan perdagangan indonesia persero
1775,pt pindad persero
1776,pt pos indonesia persero
1777,pt pupuk indonesia holding company
1778,pt rajawali nusantara indonesia persero
1779,pt reasuransi indonesia utama persero
1780,pt sang hyang seri persero
1781,pt sarana multi infrastruktur persero pt smi
1782,pt sarinah persero
1783,pt semen baturaja persero
1784,pt semen indonesia persero tbk
1785,pt surveyor indonesia persero
1786,pt taman wisata candi borobudur prambanan dan ratu boko persero
1787,pt varuna tirta prakasya persero
1788,pt virama karya persero
1789,pt waskita karya persero tbk
1790,pt wijaya karya persero tbk
1791,pt yodya karya persero
1792,perum perikanan indonesia
1793,pt nindya karya persero
1794,pt surabaya industrial estate rungkut
1795,pt pengembangan armada niaga nasional persero
1796,pt survai udara penas persero
1797,pt iglas persero
1798,pt kertas kraft aceh persero
1799,lembaga pembiayaan ekspor indonesia
1800,pt sarana multigriya finansial persero
1801,pt indofarma persero tbk
1802,pt kereta api indonesia persero kai
1803,pt telekomunikasi indonesia persero tbk
1804,pt primissima persero
1805,pt dok dan perkapalan surabaya persero
1806,pt industri kereta api persero inka
1807,pt semen kupang persero
1808,pt kawasan industri makasar persero
1809,pt kawasan industri medan persero
1810,pemerintah kabupaten badung
1811,pemerintah kabupaten bangli
1812,pemerintah kabupaten buleleng
1813,pemerintah kabupaten gianyar
1814,pemerintah kabupaten jembrana
1815,pemerintah kabupaten karangasem
1816,pemerintah kabupaten klungkung
1817,pemerintah kabupaten tabanan
1818,pemerintah kota denpasar
1819,pemerintah provinsi bali
1820,pemerintah kabupaten bangka
1821,pemerintah kabupaten bangka barat
1822,pemerintah kabupaten bangka selatan
1823,pemerintah kabupaten bangka tengah
1824,pemerintah kabupaten belitung
1825,pemerintah kabupaten belitung timur
1826,pemerintah kota pangkalpinang
1827,pemerintah kabupaten lebak
1828,pemerintah kabupaten pandeglang
1829,pemerintah kabupaten serang
1830,pemerintah kabupaten tangerang
1831,pemerintah kota cilegon
1832,pemerintah kota serang
1833,pemerintah kota tangerang
1834,pemerintah kota tangerang selatan
1835,pemerintah provinsi banten
1836,pemerintah kabupaten bengkulu selatan
1837,pemerintah kabupaten bengkulu tengah
1838,pemerintah kabupaten bengkulu utara
1839,pemerintah kabupaten kaur
1840,pemerintah kabupaten kepahiang
1841,pemerintah kabupaten lebong
1842,pemerintah kabupaten muko muko
1843,pemerintah kabupaten rejang lebong
1844,pemerintah kabupaten seluma
1845,pemerintah kota bengkulu
1846,pemerintah provinsi bengkulu
1847,pemerintah kabupaten bantul
1848,pemerintah kabupaten gunung kidul
1849,pemerintah kabupaten kulonprogo
1850,pemerintah kabupaten sleman
1851,pemerintah kota yogyakarta
1852,pemerintah provinsi di yogyakarta
1853,kementerian agama
1854,kementerian agraria dan tata ruang badan pertahanan nasional bpn
1855,kementerian dalam negeri
1856,kementerian desa pembangunan daerah tertinggal dan transmigrasi
1857,kementerian energi dan sumber daya mineral esdm
1858,kementerian hukum dan hak asasi manusia
1859,kementerian lingkungan hidup dan kehutanan
1860,kementerian kelautan dan perikanan
1861,kementerian kesehatan
1862,kementerian ketenagakerjaan
1863,kementerian keuangan
1864,kementerian komunikasi dan informatika
1865,kementerian koordinator bidang kemaritiman dan investasi
1866,kementerian koordinator bidang pembangunan manusia dan kebudayaan
1867,kementerian koordinator bidang perekonomian
1868,kementerian koordinator bidang politik hukum dan keamanan
1869,kementerian koperasi dan usaha kecil dan menengah
1870,kementerian luar negeri
1871,kementerian badan usaha milik negara
1872,kementerian pendayagunaan aparatur negara dan reformasi birokrasi kem panrb
1873,kementerian pariwisata dan ekonomi kreatif
1874,kementerian pekerjaan umum dan perumahan rakyat pupr
1875,kementerian pemberdayaan perempuan dan perlindungan anak
1876,kementerian pemuda dan olahraga
1877,kementerian pendidikan kebudayaan riset dan teknologi
1878,kementerian perdagangan
1879,kementerian perencanaan pembangunan nasional ppn badan perencanaan pembangunan nasional bappenas
1880,kementerian perhubungan
1881,kementerian perindustrian
1882,kementerian pertahanan
1883,kementerian pertanian
1884,kementerian sekretariat negara
1885,kementerian sosial
1886,badan pemeriksa keuangan bpk
1887,dewan perwakilan daerah dpd
1888,dewan perwakilan rakyat dpr
1889,komisi yudisial
1890,mahkamah agung ma
1891,mahkamah konstitusi mk
1892,majelis permusyawaratan rakyat mpr
1893,badan informasi geospasial big
1894,badan kepegawaian negara bkn
1895,badan intelijen negara bin
1896,badan keamanan laut bakamla
1897,badan kependudukan dan keluarga berencana nasional bkkbn
1898,badan koordinasi penanaman modal bkpm
1899,badan meteorologi klimatologi dan geofisika bmkg
1900,badan narkotika nasional bnn
1901,badan nasional penanggulangan bencana bnpb
1902,badan nasional penanggulangan terorisme bnpt
1903,badan pelindungan pekerja migran indonesia
1904,badan pengawas obat dan makanan bpom
1905,badan pengawas pemilihan umum bawaslu
1906,badan pengawas tenaga nuklir bapeten
1907,badan pengawasan keuangan dan pembangunan bpkp
1908,badan pengkajian dan penerapan teknologi bppt
1909,badan pengusahaan kawasan perdagangan bebas dan pelabuhan bebas batam
1910,badan pusat statistik bps
1911,badan search and rescue nasional basarnas
1912,badan siber dan sandi negara bssn
1913,badan standardisasi nasional bsn
1914,badan tenaga nuklir nasional batan
1915,dewan ketahanan nasional wantannas
1916,kejaksaan republik indonesia
1917,kepolisian negara republik indonesia
1918,komisi nasional hak asasi manusia komnas ham
1919,komisi pemberantasan korupsi kpk
1920,komisi pemilihan umum kpu
1921,komisi pengawas persaingan usaha kppu
1922,lembaga administrasi negara lan
1923,lembaga ilmu pengetehuan indonesia lipi
1924,lembaga kebijakan pengadaan barang jasa pemerintah lkpp
1925,lembaga ketahanan nasional lemhanas
1926,lembaga penerbangan dan antariksa nasional lapan
1927,lembaga penyiaran publik tvri
1928,ombudsman republik indonesia ori
1929,perpustakaan nasional republik indonesia perpusnas
1930,pusat pelaporan dan analisis transaksi keuangan ppatk
1931,sekretariat kabinet
1932,arsip nasional republik indonesia anri
1933,tentara nasional indonesia tni
1934,komisi aparatur sipil negara kasn
1935,badan nasional sertifikasi profesi bnsp
1936,badan pengatur hilir minyak dan gas bumi bph migas
1937,dewan pertimbangan presiden wantimpres
1938,komisi kejaksaan republik indonesia
1939,komisi penyiaran indonesia kpi
1940,lembaga perlindungan saksi dan korban lpsk
1941,pemerintah kabupaten kepulauan seribu
1942,pemerintah kota jakarta barat
1943,pemerintah kota jakarta pusat
1944,pemerintah kota jakarta selatan
1945,pemerintah kota jakarta timur
1946,pemerintah kota jakarta utara
1947,pemerintah provinsi dki jakarta
1948,perum lembaga kantor berita nasional antara lkbn antara
1949,pt asabri
1950,pt bank tabungan negara persero btn
1951,pt energy management indonesia
1952,pt indonesia asahan alumunium inalum
1953,pt jasa raharja persero
1954,pt pelabuhan indonesia i persero
1955,pt pelabuhan indonesia ii persero
1956,pt pelabuhan indonesia iii persero
1957,pt pelabuhan indonesia iv persero
1958,dewan perwakilan rakyat daerah dprd
1959,badan pengelola keuangan haji bpkh
1960,badan penyelenggara jaminan sosial kesehatan bpjs kesehatan
1961,badan penyelenggara jaminan sosial ketenagakerjaan bpjamsostek
1962,lembaga penjamin simpanan lps
1963,otoritas jasa keuangan ojk
1964,satuan kerja khusus pelaksana kegiatan usaha hulu minyak dan gas bumi skk migas
1965,badan nasional pengelola perbatasan
1966,badan pengusahaan kawasan perdagangan bebas  pelabuhan bebas sabang
1967,badan pembinaan ideologi pancasila
1968,pemerintah kabupaten boalemo
1969,lembaga penyiaran publik radio republik indonesia
1970,dewan jaminan sosial nasional
1971,pemerintah kabupaten bone bolango
1972,pemerintah kabupaten gorontalo
1973,pemerintah kabupaten gorontalo utara
1974,pemerintah kabupaten pohuwato
1975,pemerintah kota gorontalo
1976,pemerintah provinsi gorontalo
1977,pemerintah kabupaten batanghari
1978,pemerintah kabupaten bungo
1979,pemerintah kabupaten kerinci
1980,pemerintah kabupaten merangin
1981,pemerintah kabupaten muaro jambi
1982,pemerintah kabupaten sarolangun
1983,pemerintah kabupaten tanjung jabung barat
1984,pemerintah kabupaten tanjung jabung timur
1985,pemerintah kabupaten tebo
1986,pemerintah kota jambi
1987,pemerintah kota sungai penuh
1988,pemerintah provinsi jambi
1989,pemerintah kabupaten bandung
1990,pemerintah kabupaten bandung barat
1991,pemerintah kabupaten bekasi
1992,pemerintah kabupaten bogor
1993,pemerintah kabupaten ciamis
1994,pemerintah kabupaten cianjur
1995,pemerintah kabupaten cirebon
1996,pemerintah kabupaten garut
1997,pemerintah kabupaten indramayu
1998,pemerintah kabupaten karawang
1999,pemerintah kabupaten kuningan
2000,pemerintah kabupaten majalengka
2001,pemerintah kabupaten pangandaran
2002,pemerintah kabupaten purwakarta
2003,pemerintah kabupaten subang
2004,pemerintah kabupaten sukabumi
2005,pemerintah kabupaten sumedang
2006,pemerintah kabupaten tasikmalaya
2007,pemerintah kota bandung
2008,pemerintah kota banjar
2009,pemerintah kota bekasi
2010,pemerintah kota bogor
2011,pemerintah kota cimahi
2012,pemerintah kota cirebon
2013,pemerintah kota depok
2014,pemerintah kota sukabumi
2015,pemerintah kota tasikmalaya
2016,pemerintah provinsi jawa barat
2017,pt telkom indonesia persero tbk
2018,pemerintah kabupaten banjarnegara
2019,pemerintah kabupaten banyumas
2020,pemerintah kabupaten batang
2021,pemerintah kabupaten blora
2022,pemerintah kabupaten boyolali
2023,pemerintah kabupaten brebes
2024,pemerintah kabupaten cilacap
2025,pemerintah kabupaten demak
2026,pemerintah kabupaten grobogan
2027,pemerintah kabupaten jepara
2028,pemerintah kabupaten karanganyar
2029,pemerintah kabupaten kebumen
2030,pemerintah kabupaten kendal
2031,pemerintah kabupaten klaten
2032,pemerintah kabupaten kudus
2033,pemerintah kabupaten magelang
2034,pemerintah kabupaten pati
2035,pemerintah kabupaten pekalongan
2036,pemerintah kabupaten pemalang
2037,pemerintah kabupaten purbalingga
2038,pemerintah kabupaten purworejo
2039,pemerintah kabupaten rembang
2040,pemerintah kabupaten semarang
2041,pemerintah kabupaten sragen
2042,pemerintah kabupaten sukoharjo
2043,pemerintah kabupaten tegal
2044,pemerintah kabupaten temanggung
2045,pemerintah kabupaten wonogiri
2046,pemerintah kabupaten wonosobo
2047,pemerintah kota magelang
2048,pemerintah kota pekalongan
2049,pemerintah kota salatiga
2050,pemerintah kota semarang
2051,pemerintah kota surakarta
2052,pemerintah kota tegal
2053,pemerintah provinsi jawa tengah
2054,pemerintah kabupaten bangkalan
2055,pemerintah kabupaten banyuwangi
2056,pemerintah kabupaten blitar
2057,pemerintah kabupaten bojonegoro
2058,pemerintah kabupaten bondowoso
2059,pemerintah kabupaten gresik
2060,pemerintah kabupaten jember
2061,pemerintah kabupaten jombang
2062,pemerintah kabupaten kediri
2063,pemerintah kabupaten lamongan
2064,pemerintah kabupaten lumajang
2065,pemerintah kabupaten malang
2066,pemerintah kabupaten madiun
2067,pemerintah kabupaten magetan
2068,pemerintah kabupaten mojokerto
2069,pemerintah kabupaten nganjuk
2070,pemerintah kabupaten ngawi
2071,pemerintah kabupaten pacitan
2072,pemerintah kabupaten pamekasan
2073,pemerintah kabupaten pasuruan
2074,pemerintah kabupaten ponorogo
2075,pemerintah kabupaten probolinggo
2076,pemerintah kabupaten sampang
2077,pemerintah kabupaten sidoarjo
2078,pemerintah kabupaten situbondo
2079,pemerintah kabupaten sumenep
2080,pemerintah kabupaten trenggalek
2081,pemerintah kabupaten tuban
2082,pemerintah kabupaten tulungagung
2083,pemerintah kota batu
2084,pemerintah kota blitar
2085,pemerintah kota kediri
2086,pemerintah kota madiun
2087,pemerintah kota malang
2088,pemerintah kota mojokerto
2089,pemerintah kota pasuruan
2090,pemerintah kota probolinggo
2091,pemerintah kota surabaya
2092,pemerintah provinsi jawa timur
2093,pemerintah kabupaten bengkayang
2094,pemerintah kabupaten kapuas hulu
2095,pemerintah kabupaten kayong utara
2096,pemerintah kabupaten ketapang
2097,pemerintah kabupaten kubu raya
2098,pemerintah kabupaten landak
2099,pemerintah kabupaten melawi
2100,pemerintah kabupaten mempawah
2101,pemerintah kabupaten sambas
2102,pemerintah kabupaten sanggau
2103,pemerintah kabupaten sekadau
2104,pemerintah kabupaten sintang
2105,pemerintah kota pontianak
2106,pemerintah kota singkawang
2107,pemerintah provinsi kalimantan barat
2108,pemerintah kabupaten balangan
2109,pemerintah kabupaten banjar
2110,pemerintah kabupaten barito kuala
2111,pemerintah kabupaten hulu sungai selatan
2112,pemerintah kabupaten hulu sungai tengah
2113,pemerintah kabupaten hulu sungai utara
2114,pemerintah kabupaten kotabaru
2115,pemerintah kabupaten tabalong
2116,pemerintah kabupaten tanah bumbu
2117,pemerintah kabupaten tanah laut
2118,pemerintah kabupaten tapin
2119,pemerintah kota banjarbaru
2120,pemerintah kota banjarmasin
2121,pemerintah provinsi kalimantan selatan
2122,pemerintah kabupaten barito selatan
2123,pemerintah kabupaten barito timur
2124,pemerintah kabupaten barito utara
2125,pemerintah kabupaten gunung mas
2126,pemerintah kabupaten kapuas
2127,pemerintah kabupaten katingan
2128,pemerintah kabupaten kotawaringin barat
2129,pemerintah kabupaten kotawaringin timur
2130,pemerintah kabupaten lamandau
2131,pemerintah kabupaten murung raya
2132,pemerintah kabupaten pulang pisau
2133,pemerintah kabupaten seruyan
2134,pemerintah kabupaten sukamara
2135,pemerintah kota palangka raya
2136,pemerintah provinsi kalimantan tengah
2137,pemerintah kabupaten berau
2138,pemerintah kabupaten kutai barat
2139,pemerintah kabupaten kutai kartanegara
2140,pemerintah kabupaten kutai timur
2141,pemerintah kabupaten mahakam ulu
2142,pemerintah kabupaten paser
2143,pemerintah kabupaten penajam paser utara
2144,pemerintah kota balikpapan
2145,pemerintah kota bontang
2146,pemerintah kota samarinda
2147,pemerintah provinsi kalimantan timur
2148,pemerintah kabupaten bulungan
2149,pemerintah kabupaten malinau
2150,pemerintah kabupaten nunukan
2151,pemerintah kabupaten tana tidung
2152,pemerintah kota tarakan
2153,pemerintah provinsi kalimantan utara
2154,pemerintah provinsi kepulauan bangka belitung
2155,pemerintah kabupaten bintan
2156,pemerintah kabupaten karimun
2157,pemerintah kabupaten kepulauan anambas
2158,pemerintah kabupaten lingga
2159,pemerintah kabupaten natuna
2160,pemerintah kota batam
2161,pemerintah kota tanjung pinang
2162,pemerintah provinsi kepulauan riau
2163,pemerintah kabupaten lampung barat
2164,pemerintah kabupaten lampung selatan
2165,pemerintah kabupaten lampung tengah
2166,pemerintah kabupaten lampung timur
2167,pemerintah kabupaten lampung utara
2168,pemerintah kabupaten mesuji
2169,pemerintah kabupaten pesawaran
2170,pemerintah kabupaten pesisir barat
2171,pemerintah kabupaten pringsewu
2172,pemerintah kabupaten tanggamus
2173,pemerintah kabupaten tulang bawang
2174,pemerintah kabupaten tulang bawang barat
2175,pemerintah kabupaten way kanan
2176,pemerintah kota bandar lampung
2177,pemerintah kota metro
2178,pemerintah provinsi lampung
2179,pemerintah kabupaten buru
2180,pemerintah kabupaten buru selatan
2181,pemerintah kabupaten kepulauan aru
2182,pemerintah kabupaten maluku barat daya
2183,pemerintah kabupaten maluku tengah
2184,pemerintah kabupaten maluku tenggara
2185,pemerintah kabupaten maluku tenggara barat
2186,pemerintah kabupaten seram bagian barat
2187,pemerintah kabupaten seram bagian timur
2188,pemerintah kota ambon
2189,pemerintah kota tual
2190,pemerintah provinsi maluku
2191,pemerintah kabupaten halmahera barat
2192,pemerintah kabupaten halmahera selatan
2193,pemerintah kabupaten halmahera tengah
2194,pemerintah kabupaten halmahera timur
2195,pemerintah kabupaten halmahera utara
2196,pemerintah kabupaten kepulauan sula
2197,pemerintah kabupaten pulau morotai
2198,pemerintah kabupaten pulau taliabu
2199,pemerintah kota ternate
2200,pemerintah kota tidore kepulauan
2201,pemerintah provinsi maluku utara
2202,pemerintah kabupaten aceh barat
2203,pemerintah kabupaten aceh barat daya
2204,pemerintah kabupaten aceh besar
2205,pemerintah kabupaten aceh jaya
2206,pemerintah kabupaten aceh selatan
2207,pemerintah kabupaten aceh singkil
2208,pemerintah kabupaten aceh tamiang
2209,pemerintah kabupaten aceh tengah
2210,pemerintah kabupaten aceh tenggara
2211,pemerintah kabupaten aceh timur
2212,pemerintah kabupaten aceh utara
2213,pemerintah kabupaten bener meriah
2214,pemerintah kabupaten bireuen
2215,pemerintah kabupaten gayo lues
2216,pemerintah kabupaten nagan raya
2217,pemerintah kabupaten pidie
2218,pemerintah kabupaten pidie jaya
2219,pemerintah kabupaten simeulue
2220,pemerintah kota banda aceh
2221,pemerintah kota langsa
2222,pemerintah kota lhokseumawe
2223,pemerintah kota sabang
2224,pemerintah kota subulussalam
2225,pemerintah provinsi nangroe aceh darussalam
2226,pemerintah kabupaten bima
2227,pemerintah kabupaten dompu
2228,pemerintah kabupaten lombok barat
2229,pemerintah kabupaten lombok tengah
2230,pemerintah kabupaten lombok timur
2231,pemerintah kabupaten lombok utara
2232,pemerintah kabupaten sumbawa
2233,pemerintah kabupaten sumbawa barat
2234,pemerintah kota bima
2235,pemerintah kota mataram
2236,pemerintah provinsi nusa tenggara barat
2237,pemerintah kabupaten alor
2238,pemerintah kabupaten belu
2239,pemerintah kabupaten ende
2240,pemerintah kabupaten flores timur
2241,pemerintah kabupaten kupang
2242,pemerintah kabupaten lembata
2243,pemerintah kabupaten malaka
2244,pemerintah kabupaten manggarai
2245,pemerintah kabupaten manggarai barat
2246,pemerintah kabupaten manggarai timur
2247,pemerintah kabupaten nagekeo
2248,pemerintah kabupaten ngada
2249,pemerintah kabupaten rote ndao
2250,pemerintah kabupaten sabu raijua
2251,pemerintah kabupaten sikka
2252,pemerintah kabupaten sumba barat
2253,pemerintah kabupaten sumba barat daya
2254,pemerintah kabupaten sumba tengah
2255,pemerintah kabupaten sumba timur
2256,pemerintah kabupaten timor tengah selatan
2257,pemerintah kabupaten timor tengah utara
2258,pemerintah kota kupang
2259,pemerintah provinsi nusa tenggara timur
2260,pemerintah kabupaten asmat
2261,pemerintah kabupaten biak numfor
2262,pemerintah kabupaten boven digoel
2263,pemerintah kabupaten deiyai
2264,pemerintah kabupaten dogiyai
2265,pemerintah kabupaten intan jaya
2266,pemerintah kabupaten jayapura
2267,pemerintah kabupaten jayawijaya
2268,pemerintah kabupaten keerom
2269,pemerintah kabupaten kepulauan yapen
2270,pemerintah kabupaten lanny jaya
2271,pemerintah kabupaten mamberamo raya
2272,pemerintah kabupaten mamberamo tengah
2273,pemerintah kabupaten mappi
2274,pemerintah kabupaten merauke
2275,pemerintah kabupaten mimika
2276,pemerintah kabupaten nabire
2277,pemerintah kabupaten nduga
2278,pemerintah kabupaten paniai
2279,pemerintah kabupaten pegunungan bintang
2280,pemerintah kabupaten puncak
2281,pemerintah kabupaten puncak jaya
2282,pemerintah kabupaten sarmi
2283,pemerintah kabupaten supiori
2284,pemerintah kabupaten tolikara
2285,pemerintah kabupaten waropen
2286,pemerintah kabupaten yahukimo
2287,pemerintah kabupaten yalimo
2288,pemerintah kota jayapura
2289,pemerintah provinsi papua
2290,pemerintah kabupaten fak fak
2291,pemerintah kabupaten kaimana
2292,pemerintah kabupaten manokwari
2293,pemerintah kabupaten manokwari selatan
2294,pemerintah kabupaten maybrat
2295,pemerintah kabupaten pegunungan arfak
2296,pemerintah kabupaten raja ampat
2297,pemerintah kabupaten sorong
2298,pemerintah kabupaten sorong selatan
2299,pemerintah kabupaten tambrauw
2300,pemerintah kabupaten teluk bintuni
2301,pemerintah kabupaten teluk wondama
2302,pemerintah kota sorong
2303,pemerintah provinsi papua barat
2304,pemerintah kabupaten bengkalis
2305,pemerintah kabupaten indragiri hilir
2306,pemerintah kabupaten indragiri hulu
2307,pemerintah kabupaten kampar
2308,pemerintah kabupaten kepulauan meranti
2309,pemerintah kabupaten kuantan singingi
2310,pemerintah kabupaten pelalawan
2311,pemerintah kabupaten rokan hilir
2312,pemerintah kabupaten rokan hulu
2313,pemerintah kabupaten siak
2314,pemerintah kota dumai
2315,pemerintah kota pekanbaru
2316,pemerintah provinsi riau
2317,pemerintah kabupaten majene
2318,pemerintah kabupaten mamasa
2319,pemerintah kabupaten mamuju
2320,pemerintah kabupaten mamuju tengah
2321,pemerintah kabupaten pasangkayu
2322,pemerintah kabupaten polewali mandar
2323,pemerintah provinsi sulawesi barat
2324,pemerintah kabupaten bantaeng
2325,pemerintah kabupaten barru
2326,pemerintah kabupaten bone
2327,pemerintah kabupaten bulukumba
2328,pemerintah kabupaten enrekang
2329,pemerintah kabupaten gowa
2330,pemerintah kabupaten jeneponto
2331,pemerintah kabupaten kepulauan selayar
2332,pemerintah kabupaten luwu
2333,pemerintah kabupaten luwu timur
2334,pemerintah kabupaten luwu utara
2335,pemerintah kabupaten maros
2336,pemerintah kabupaten pangkajene kepulauan
2337,pemerintah kabupaten pinrang
2338,pemerintah kabupaten sidenreng rappang
2339,pemerintah kabupaten sinjai
2340,pemerintah kabupaten soppeng
2341,pemerintah kabupaten takalar
2342,pemerintah kabupaten tana toraja
2343,pemerintah kabupaten toraja utara
2344,pemerintah kabupaten wajo
2345,pemerintah kota makassar
2346,pemerintah kota palopo
2347,pemerintah kota pare pare
2348,pemerintah provinsi sulawesi selatan
2349,pt kawasan industri makassar persero
2350,pemerintah kabupaten banggai
2351,pemerintah kabupaten banggai kepulauan
2352,pemerintah kabupaten banggai laut
2353,pemerintah kabupaten buol
2354,pemerintah kabupaten donggala
2355,pemerintah kabupaten morowali
2356,pemerintah kabupaten morowali utara
2357,pemerintah kabupaten parigi moutong
2358,pemerintah kabupaten poso
2359,pemerintah kabupaten sigi
2360,pemerintah kabupaten tojo una una
2361,pemerintah kabupaten toli toli
2362,pemerintah kota palu
2363,pemerintah provinsi sulawesi tengah
2364,pemerintah kabupaten bombana
2365,pemerintah kabupaten buton
2366,pemerintah kabupaten buton selatan
2367,pemerintah kabupaten buton tengah
2368,pemerintah kabupaten buton utara
2369,pemerintah kabupaten kolaka
2370,pemerintah kabupaten kolaka timur
2371,pemerintah kabupaten kolaka utara
2372,pemerintah kabupaten konawe
2373,pemerintah kabupaten konawe kepulauan
2374,pemerintah kabupaten konawe selatan
2375,pemerintah kabupaten konawe utara
2376,pemerintah kabupaten muna
2377,pemerintah kabupaten muna barat
2378,pemerintah kabupaten wakatobi
2379,pemerintah kota bau bau
2380,pemerintah kota kendari
2381,pemerintah provinsi sulawesi tenggara
2382,pemerintah kabupaten bolaang mongondow
2383,pemerintah kabupaten bolaang mongondow selatan
2384,pemerintah kabupaten bolaang mongondow timur
2385,pemerintah kabupaten bolaang mongondow utara
2386,pemerintah kabupaten kepulauan sangihe
2387,pemerintah kabupaten kepulauan siau tagulandang biaro
2388,pemerintah kabupaten kepulauan talaud
2389,pemerintah kabupaten minahasa
2390,pemerintah kabupaten minahasa selatan
2391,pemerintah kabupaten minahasa tenggara
2392,pemerintah kabupaten minahasa utara
2393,pemerintah kota bitung
2394,pemerintah kota kotamobagu
2395,pemerintah kota manado
2396,pemerintah kota tomohon
2397,pemerintah provinsi sulawesi utara
2398,pemerintah kabupaten agam
2399,pemerintah kabupaten dharmasraya
2400,pemerintah kabupaten kepulauan mentawai
2401,pemerintah kabupaten lima puluh kota
2402,pemerintah kabupaten padang pariaman
2403,pemerintah kabupaten pasaman
2404,pemerintah kabupaten pasaman barat
2405,pemerintah kabupaten pesisir selatan
2406,pemerintah kabupaten sijunjung
2407,pemerintah kabupaten solok
2408,pemerintah kabupaten solok selatan
2409,pemerintah kabupaten tanah datar
2410,pemerintah kota bukittinggi
2411,pemerintah kota padang
2412,pemerintah kota padang panjang
2413,pemerintah kota pariaman
2414,pemerintah kota payakumbuh
2415,pemerintah kota sawahlunto
2416,pemerintah kota solok
2417,pemerintah provinsi sumatera barat
2418,pemerintah kabupaten banyuasin
2419,pemerintah kabupaten empat lawang
2420,pemerintah kabupaten lahat
2421,pemerintah kabupaten muara enim
2422,pemerintah kabupaten musi banyuasin
2423,pemerintah kabupaten musi rawas
2424,pemerintah kabupaten musi rawas utara
2425,pemerintah kabupaten ogan ilir
2426,pemerintah kabupaten ogan komering ilir
2427,pemerintah kabupaten ogan komering ulu
2428,pemerintah kabupaten ogan komering ulu selatan
2429,pemerintah kabupaten ogan komering ulu timur
2430,pemerintah kabupaten penukal abab lematang ilir
2431,pemerintah kota lubuk linggau
2432,pemerintah kota pagar alam
2433,pemerintah kota palembang
2434,pemerintah kota prabumulih
2435,pemerintah provinsi sumatera selatan
2436,pemerintah kabupaten asahan
2437,pemerintah kabupaten batu bara
2438,pemerintah kabupaten dairi
2439,pemerintah kabupaten deli serdang
2440,pemerintah kabupaten humbang hasundutan
2441,pemerintah kabupaten karo
2442,pemerintah kabupaten labuhanbatu
2443,pemerintah kabupaten labuhanbatu selatan
2444,pemerintah kabupaten labuhanbatu utara
2445,pemerintah kabupaten langkat
2446,pemerintah kabupaten mandailing natal
2447,pemerintah kabupaten nias
2448,pemerintah kabupaten nias barat
2449,pemerintah kabupaten nias selatan
2450,pemerintah kabupaten nias utara
2451,pemerintah kabupaten padang lawas
2452,pemerintah kabupaten padang lawas utara
2453,pemerintah kabupaten pakpak bharat
2454,pemerintah kabupaten samosir
2455,pemerintah kabupaten serdang bedagai
2456,pemerintah kabupaten simalungun
2457,pemerintah kabupaten tapanuli selatan
2458,pemerintah kabupaten tapanuli tengah
2459,pemerintah kabupaten tapanuli utara
2460,pemerintah kabupaten toba samosir
2461,pemerintah kota binjai
2462,pemerintah kota gunungsitoli
2463,pemerintah kota medan
2464,pemerintah kota padangsidimpuan
2465,pemerintah kota pematang siantar
2466,pemerintah kota sibolga
2467,pemerintah kota tanjung balai
2468,pemerintah kota tebing tinggi
2469,pemerintah provinsi sumatera utara
2470,kementerian investasi
