instansi;sinonim;pred;prob
perseta asabri pensiunan polri;Peserta ASABRI Pensiunan Polri;1;0.9958231449127196
pt wijaya karya beton;PT Karunia Bersama Sejahtera;0;0.9971490502357484
pt bgr;PT Eria Makmur;1;0.7320666313171387
dewan perwakilan rakyat daerah;Kantor Perwakilan SKK Migas Jawa,  Bali, Madura, dan Nusa Tenggara (Jabanusa);0;0.9934701919555664
pt perkebunan nusantara;PT Perkebunan Nusantara Holding (Persero);1;0.9974551796913148
pt hotel indonesia natour;Hotel Harris;0;0.9886055588722228
pt asuransi jiwasraya persero;Bosowa Asuransi;0;0.9963650703430176
pemerintah kabupaten maluku tenggara barat;Kantor perwakilan SKK Migas Jawa,  Bali, Madura, dan Nusa Tenggara (Jabanusa);0;0.9919147491455078
pemerintah provinsi sumatera utara;Pemerintah Provinsi Sumatera Utara;1;0.9985494017601012
indonesia financial group ifg;Ceo Asri Group;1;0.9487497210502625
arsip nasional republik indonesia anri;ANRI;1;0.9962472319602966
badan informasi geospasial;PT. Dunia Media Dinamika Informasi;0;0.9825657606124878
kementerian desa pembangunan daerah tertinggal dan transmigrasi;Desa Jatisuko;0;0.9959037899971008
pt inalum;PT. INALUM;1;0.9981708526611328
kementerian kelautan dan perikanan;Penulis dan Konsultan;0;0.9961930513381958
pt smi;PT. SMI;1;0.9982709884643556
pemkot surakarta;RSJD Surakarta;1;0.99399995803833
pemerintah provinsi sumsel;Pemerintah Provinsi Sumsel;1;0.9987982511520386
nasabah bank mandiri pemilik toko parfum;Nasabah Bank Mandiri/Pemilik Toko Parfum;1;0.9971309900283812
pt surveyor indonesia;PT Surveyor Indonesia;1;0.9987788796424866
pemkab tanah laut;CV Hasil Laut Nusantara;0;0.997986912727356
pt askrindo;ASKRINDO INSURANCE;1;0.9986873269081116
pt bgr;PT Takaya;1;0.9025927186012268
pemkot kota gorontalo;Lanal Gorontalo;1;0.974241018295288
pemkab banggai laut;Bagian Organisasi Setda Kabupaten Banggai Laut;1;0.9846007227897644
pemerintah kabupaten subang;Pemerintah Kabupaten Subang;1;0.9986300468444824
pemerintah kota tangerang;Pemerintahan Kota Tangerang;1;0.99895042181015
pemerintah cirebon;Pemerintah Kabupaten Cirebon;1;0.9988608360290528
nasabah bank mandiri pemilik toko parfum;Toko Alat Tulis 'Hikmah';0;0.9874851107597352
pt reasuransi indonesia utama;PT Reasuransi Indonesia Utama;1;0.9988073110580444
pemerintah kabupaten hulu sungai selatan;Pemerintah Kabupaten Hulu Sungai Selatan;1;0.9989795088768004
pt persero batam;PT Nusa Biru Abadi;0;0.9978468418121338
pt survai udara penas persero;Pusbang SDM Udara;0;0.9816599488258362
pemkab gorontalo utara;Kadis PPPA Kabupaten Gorontalo Utara;1;0.9411722421646118
pemkab pidie jaya;LIMA JAYA LESTARI;0;0.9987403750419616
pemerintah kabupaten kayong utara;Pemerintah Daerah Tingkat II;0;0.999242663383484
pemerintah provinsi maluku;Pemerintah Provinsi Maluku;1;0.9987016916275024
pemkab maros;Kajari Maros;1;0.7650363445281982
pemerintah magelang;Pemerintah Kabupaten Purworejo;1;0.9988994598388672
bank rakyat indonesia cabang sintang;Bank BSI;1;0.9948915243148804
bps provinsi sulawesi utara;BPS Provinsi Sulawesi Utara;1;0.9990707635879515
kementerian pendidikan kebudayaan riset dan teknologi;Satuan Pendidikan;0;0.9956040382385254
pt pal indonesia persero;PT Pal Indonesia (Persero);1;0.9989190101623536
pt bri cabang bojonegoro dan pt bri cabang nganjuk;PT Kafila Pelita Sukses;1;0.6577634811401367
pemkot banjar;Pemerintah Kota Banjar;1;0.9986435770988464
pt penerbitan dan percetakan balai pustaka persero;PT Sun Chang Indonesia;1;0.9919254183769226
pemkab bengkulu selatan;Bagian Perekonomian dan SDA Kab. Bengkulu Selatan;1;0.650367796421051
anggota dpr;Anggota DPR RI;1;0.9980720281600952
badan pusat statistik bps;Badan Pengawasan;0;0.9946247935295104
pt sarana multi infrastruktur persero pt smi;PT Sapta Sarana Sejahtera;0;0.9981845021247864
pt wijaya karya industri konstruksi;PT. Panca Konstruksi;0;0.980649471282959
pemerintah kabupaten gowa;Dinas Pekerjaan Umum dan Perumahan Rakyat pemerintah Kota Pontianak;0;0.9993700385093688
pemerintah kabupaten ogan komering ulu selatan;Ketua Forum Kades Kec. Mulak Ulu (Kades Karang Lebak);0;0.9930227994918824
pemkot bogor;Pemerintah Kota Bogor;1;0.9985888600349426
kementerian desa;Salah satu perangkat desa;0;0.994828760623932
pt telkom indonesia tbk;PT Zurich Topas Life;0;0.997256338596344
pemerintah kabupaten banggai;Pemerintah Kabupaten Banggai;1;0.9988542795181274
askrindo;PT. ASKRINDO Kanwil V Denpasar;1;0.993783950805664
asuransi jiwasraya;ASURANSI SINARMAS;0;0.988911509513855
pemkot surabaya;Hotel JW Marriot Surabaya;1;0.8857693076133728
pt jamkrindo;PT JAMKRINDO;1;0.9987772107124328
pt asdp indonesia ferry;PT. ASDP Indonesia Ferry (Persero);1;0.9981569647789
kementerian koordinator perekonomian;Kementerian Koordinator Perekonomian;1;0.998129427433014
penataran angkatan laut;Kepala Staf Angkatan Laut;1;0.9841304421424866
badan nasional sertifikasi profesi republik indonesia;Yayasan Plan International Indonesia;0;0.9950167536735536
pt smf;PT Passokorang;1;0.9762170910835266
pemerintah kabupaten mojokerto;Pemerintah Daerah Mojokerto;1;0.9988855719566344
pt taman wisata candi borobudur prambanan dan ratu boko;PBF PT United Dico Citas;1;0.9761667847633362
kemenkeu;Pegawai PPPK Kemenkeu;1;0.995060384273529
kemenperin ri;DPR RI;1;0.994513988494873
bnsp republik indonesia;Refinitiv Services Indonesia;1;0.8715271949768066
pt smf;PT Indonesia Comnets Plus (Icon+);1;0.9935901165008544
bank bni cabang maros;Bank BNI Cabang Maros;1;0.9990697503089904
pemprov nusa tenggara barat;Universitas Nusa Putra;0;0.9967336654663086
pt bgr;PT Nusa Niaga Perkasa;1;0.6458371877670288
pemkab cilegon;LAPAS Kelas IIA Cilegon;1;0.9258960485458374
pt smf;PT Swa Medika;1;0.9796523451805116
badan narkotika nasional bnn;Badan Narkotika Nasional Palangkaraya;1;0.6066316366195679
pt indah karya;CV. SINAR PELANGI INDAH;0;0.9889843463897704
pemkot magelang;PT. Nasmoco Magelang;1;0.9978561997413636
pemerintah kabupaten sumenep;Pemerintah Kabupaten Sumenep;1;0.9989023208618164
bnsp republik indonesia;ESRI Indonesia;1;0.9960617423057556
pt pertamina patra niaga;PT. Pertamina Patra Niaga;1;0.9986407160758972
pt indah karya persero;PT. Cipta Karya Millenia Kal-Sel;0;0.994442880153656
kementerian desa;Kepala Desa Kertonegoro;0;0.997786283493042
badan pengatur hilir minyak dan gas bumi bph migas;Hotel Bumi Senyiur;0;0.9941473007202148
badan penyelenggara jaminan sosial ketenagakerjaan;Badan Penyelenggara Jaminan Sosial Ketenagakerjaan;1;0.9983087778091432
pt indra karya;PT INDOFOOD FORTUNA MAKMUR;0;0.9954256415367126
bri kcp bkkbn;BRI KCP BKKBN;1;0.9979909658432008
pemerintah kabupaten aceh besar;Kedutaan Besar China, jabatan Science Counselor;0;0.9881868958473206
no;no;1;0.9902809858322144
komisi pemilihan umum kpu;Komisi Pemilihan Umum;1;0.9738472104072572
pemprov kaltim;Tribun Kaltim;1;0.9631261229515076
perwakilan lembaga ilmu pengetahuan indonesia;Lembaga Pengembangan Perbankan Indonesia (LPPI);0;0.9961355924606324
pln bb;PLN Batubara (PLN BB);1;0.9974915981292723
pemprov sulawesi barat;Dekranasda Provinsi Kalimantan Barat;1;0.9856253266334534
bp2mi jawa barat;Pengadilan Negeri Jakarta Barat;1;0.8958580493927002
pt garuda indonesia persero tbk;PT Garuda Indonesia (Persero), Tbk;1;0.9974203109741212
perum kehutanan negara;Perum Kehutanan Negara (Perhutani);1;0.9987687468528748
pemerintah kabupaten deli serdang;Dinas PPPA Deli Serdang;0;0.9984696507453918
pemkab tanjung jabung barat;Kades Lubuk Seketi Kec. Kikim Barat;1;0.8683575391769409
pemerintah kabupaten malinau;Pemerintah Kabupatan Malinau;1;0.9983968138694764
ptpn iii;PTPN XII;0;0.9323927760124208
pemkab kuningan;Pemerintah Kabupaten Kuningan;1;0.999272644519806
pemkab penajam paser utara;Pemerintah Kabupaten Penajam Paser Utara;1;0.9988804459571838
pemerintah bantul;Pemerintah Kabupaten Sleman;1;0.9988945126533508
pt bgr;PT Tri Dharma Proteksi;1;0.9183180928230286
otoritas jasa keuangan;Politeknik Keuangan STAN;0;0.9925149083137512
pt hotel indonesia natour;Hotel Horison;0;0.98440819978714
kementerian perindustrian;Deputi Bidang Investasi Kementerian Pariwisata dan Ekonomi Kreatif;0;0.9965885877609252
pt jasa marga;PT Jasa Marga;1;0.9986658096313475
pemkab nias barat;BKPSDM  Kabupaten Nias Barat;1;0.9989789724349976
kementerian koperasi dan ukm;Kementerian Koperasi dan UKM RI;1;0.9985798597335817
pt bgr;PT Bank Central Asia Tbk;1;0.961873471736908
pemprov ntt;PT NTT (Emerio);1;0.9923866987228394
pemkab musi rawas;Pemerintah Kabupaten Musi Rawas;1;0.9988994598388672
pemkab temanggung;PT CJWI Temanggung;1;0.9974161386489868
pemerintah provinsi sumatera selatan;Kecamatan Lahat Selatan;0;0.9992444515228271
perum perhutani divisi regional jawa barat dan banten;RUSTINI HARTATI, SH., M.Kn dan Staf;1;0.8228548169136047
kementerian pendayagunaan aparatur negara dan reformasi birokrasi kem panrb;Dosen Pasca Sarjana Fakultas Hukum UI (Menteri Agraria dan Tata Ruang Indonesia ke-13);0;0.9936606287956238
badan pusat statistik provinsi bali;Pihak Pasar Nanggelan, Bali yang dinilai;0;0.9671419262886048
inspektorat jenderal tni;Inspektorat Jenderal TNI;1;0.9987388253211976
pemkot jayapura;Inspektorat Kabupaten Jayapura;1;0.9951240420341492
pemkab serang;Disnaker Kab. Serang;1;0.9951064586639404
pemkab magetan;Kab Magetan;1;0.9971998929977416
pemkot banjarmasin;PT. Asuransi Tri Pakarta Cabang Banjarmasin;1;0.9786434769630432
pemerintah kabupaten gresik;RS Semen Gresik;0;0.9984413981437684
pupuk indonesia;Badan Koordinasi Nasional Desa Indonesia;0;0.9984176158905028
pt pann pembiayaan maritim persero;PT Timah (Persero), Tbk;0;0.9887751340866088
pt bank mandiri cabang cikampek;Direktur CV. Edlin Lestari Mandiri;1;0.6275068521499634
bpjs ketenagakerjaan;BPJS Ketenagakerjaan Cabang Sidoarjo;1;0.9958064556121826
angkasa pura i;PT Angkasa Pura I (Persero);1;0.9985018968582152
pt smf;PT Distriversa Buana Mas Semarang;1;0.956419050693512
pemerintah kota metro;Pemerintah Kota Metro;1;0.9985693693161012
pemerintah kabupaten karanganyar;GP Farmasi Karanganyar;0;0.9973548650741576
pemerintah kabupaten empat lawang;PT LAWANG AGUNG SAKTI;0;0.9965900182724
bri insurance;BRI Insurance;1;0.997822880744934
pt telkom;PT Jatiwangi Property Group;0;0.9932066202163696
badan nasional pengelola perbatasan;Pengelola Apartemen Aspen;0;0.9799837470054626
kementerian desa;Mantan PJ Kepala Desa Kalidandan;0;0.995971381664276
pt jiwasraya;PT Citra Riantara Sejahtera;0;0.9971611499786376
pt indah karya;PT Prima Karya Propertindo;0;0.996737539768219
pt kiw;PT Audie Building Industry;1;0.9131683111190796
pemprov nusa tenggara barat;Pemerintah Provinsi Nusa Tenggara Barat;1;0.9989492297172546
pt bgr;PT TIMAH TBK;1;0.6637550592422485
pemerintah kabupaten lanny jaya;Hotel Bahtera Jaya Abadi;0;0.997645914554596
pemkab nias barat;BKD Kabupaten Nias Barat;1;0.9983773231506348
bps provinsi sulawesi utara;BPS PROVINSI SULAWESI UTARA;1;0.9990612864494324
pemerintah kabupaten timteng selatan;Dinas Kesehatan Provinsi Kalimantan Selatan;0;0.9990586638450624
jasa marga;Penyedia jasa instalatir listrik;0;0.9894373416900636
pemerintah bandung barat;Pemerintah Kabupaten Bandung Barat;1;0.999112069606781
pemprov banten;Balai Teknik Perkeretaapian Wilayah Jakarta dan Banten;1;0.910960018634796
kementerian sekretariat negara;Kementerian Sekretariat Negara;1;0.9984094500541688
debitur bni;tidak diketahui namun diduga debitur BNI;1;0.9851877689361572
kemendikbudristek;Pegawai Kemendikbudristek;1;0.9924301505088806
indonesia eximbank;Malaysia Eximbank;1;0.9969294667243958
pt pgn;PT. PGN;1;0.9984830021858216
pemerintah kabupaten asahan;Dinas Kesehatan Asahan;0;0.998650848865509
pt indra karya;PT Prasasti Nusa Lestari;0;0.9979159235954284
bank mandiri taspen;Bank Mandiri Taspen;1;0.998640239238739
pemprov di yogyakarta;PNS (Staf di kelurahan Pemaluan);0;0.977146565914154
pt bgr;Direktur Pengawas Umum PT Kartika Cipta Indonesia;1;0.5334477424621582
pemkot pasuruan;SMK PGRI 1 Kota Pasuruan;1;0.9682186841964722
pemkab lahat;Kades Penandingan Kec. Pseksu Kab Lahat;1;0.827339768409729
pt smf;PT Bank Danamon Indonesia Tbk;1;0.9085512161254884
pemerintah provinsi sulbar;Dinas Komunikasi dan Informatika Provinsi Papua;0;0.9986867308616638
indah karya;RS Pondok Indah;0;0.9882042407989502
kementerian pekerjaan umum dan perumahan rakyat pupr;Dinas PUPR;1;0.997719705104828
pelindo i;PT. Pelindo;1;0.7894218564033508
pemerintah kabupaten sumba tengah;Pemerintah Kabupaten Sumba Tengah;1;0.9983844757080078
kemen pupr ri;PUPR;1;0.9979875087738036
pemkab sumba tengah;Wakil Bupati Sumba Tengah;1;0.9567381143569946
pemkot banjarmasin;RS Ciputra Banjarmasin;1;0.9425042271614076
pt virama karya persero;VIRAMA KARYA;1;0.9978231191635132
batan;BATAN -- BRIN;1;0.9607824683189392
pt energi management indonesia;PT Gitajaya Makmur/ Manajemen tempat wisata Lembah Tumpang;0;0.994390308856964
kementerian komunikasi;kementerian pendidikan, kebudayaan, riset, dan teknologi;0;0.9979447722434998
pt bgr;PT Keska Lestari;1;0.7827855944633484
indofarma global medika cabang;Tim Bahasa Global;0;0.9626951813697816
pemkot balikpapan;PT. SSI Balikpapan;1;0.997364342212677
pt askrindo;PT. ASKRINDO KC Banjarmasin;1;0.9962406158447266
pemerintah kabupaten padang lawas;Balai Latihan Kerja Padang;0;0.9981727600097656
pt smf;PT Arkiatama dan Arbasel;1;0.7532373070716858
pemerintah balangan;PT. RIZKY BUMI BALANGAN;1;0.9664080142974854
pemkab boyolali;Pemerintah Kabupaten Boyolali;1;0.998759150505066
pt garuda indonesia;Garuda Food;0;0.9926694631576538
garam;PT. Gudang Garam & PT. Tri Sakti Purwosari;0;0.9857649207115172
pt pupuk indonesia;Pupuk Indonesia;1;0.9985405206680298
pt perusahaan listrik negara persero pln;PT Wijaya Mandiri Tintex;0;0.9933459758758544
pt bgr;PT Kereta Commuter Indonesia;1;0.8715476989746094
pt bgr;PT Airmas Perkasa;1;0.5392701625823975
indra karya indonesia;Universitas Islam Indonesia;0;0.998001992702484
pt pos indonesia kc cirebon;PT. Pos Indonesia KC Cirebon;1;0.998042106628418
ombudsman republik indonesia ori;Ombudsman Republik Indonesia;1;0.9970054030418396
pemerintah provinsi bali;Koperasi Taxi Bali;0;0.9974914789199828
kementerian desa pdtt;Desa;0;0.9974623918533324
pemerintah kabupaten mamberamo raya;Dinas Kesehatan Kabupaten Kampar;0;0.999257504940033
pemerintah provinsi sulawesi utara;Pemerintah Provinsi Kalimantan Utara;1;0.9990506768226624
bni kantor wilayah 12;BNI KANTOR WILAYAH 12;1;0.997535228729248
pemerintah kabupaten bandung barat;bapenda Kabupaten Bandung Barat;1;0.9935674071311952
kementerian desa;Desa Tohudan;0;0.9984827637672424
pemerintah provinsi nusa tenggara barat;PT. Buran Nusa Respati & Group;0;0.9880115389823914
otoritas jasa keuangan;Direktorat Jenderal Perimbangan Keuangan;0;0.9950538873672484
pt bank bni kantor cabang karawang;MUFG Bank;1;0.9833714365959167
bank negara indonesia;PT Bank DBS Indonesia;1;0.999320387840271
pemerintah kota singkawang;Pemerintah Kota Singkawang;1;0.9990864992141724
pemerintah kota pagar alam;PT. Bumi Alam Persada (Waterboom Pesona Modern);0;0.9953110814094543
pemkot lhokseumawe;Danlanal Lhokseumawe;1;0.9961833357810974
pemerintah kota batam;Pemerintah Kota Batam;1;0.9994519352912904
pemprov lampung;Pemerintah Provinsi Lampung;1;0.9579322338104248
pemerintah kabupaten bolaang mongondow timur;Pemerintah Kabupaten Bolaang Mongondow Timur;1;0.9990919828414916
asuransi sosial angkatan bersenjata republik indonesia;Panitia Proyek Sosial PK LPDP;1;0.9377217888832092
pt pegadaian kanwil iv balikpapan;PT. Pegadaian Kanwil IV Balikpapan;1;0.9982159733772278
kementerian luar negeri;Kementerian Perdagangan;0;0.9975537657737732
kementerian koperasi dan ukm;Koperasi Nusantara;0;0.996561586856842
mahkamah konstitusi;Mahkamah;0;0.9921830296516418
pemprov kalimantan tengah;Balai Keselamatan Kerja Provinsi Jawa Tengah;1;0.9113538265228271
pemprov jambi;BPOM di Jambi;1;0.9930548071861268
pemkab malang;Pemerintah Kabupaten Malang;1;0.998789608478546
pemerintah kabupaten ciamis;Pemerintah Kabupaten Ciamis;1;0.9989466071128844
pemerintah kabupaten kapuas hulu;Pemerintah Desa Kalangan Kecamatan Gemolong Kabupaten Sragen;0;0.9993151426315308
pt askrindo;PT. ASKRINDO;1;0.9979454874992372
pemprov kalsel;DPD APERSI KALSEL;1;0.9841629266738892
pt yodya karya persero region i;PT Yodya Karya;1;0.9978216886520386
kementerian pariwisata dan ekonomi kreatif;Pelaku Kreatif;0;0.9918141961097716
pt bgr;PT OXY GEMILANG JAYA;1;0.8583199381828308
pemkab dairi;Badan Keuangan dan Aset Daerah Pemkab Dairi;1;0.9938096404075624
pln persero;PT PLN Persero;1;0.998044490814209
badan pengawas obat dan makanan bpom;Badan Pengawas Obat dan Makanan;1;0.9229360222816468
kacab bri samarinda 1;SDN Sambeng 1;0;0.559440016746521
pemkot yogyakarta;Madrasah Mu'allimaat Muhammadiyah Yogyakarta;1;0.8905624747276306
pemkot singkawang;Hallo Mart Singkawang;1;0.9937593936920166
pemkab jombang;Klinik Mata Jombang;1;0.6234438419342041
pemkot cirebon;Bank BJB Cabang Cirebon;1;0.9955623149871826
pemkot bitung;KKP Kelas III Bitung;1;0.9917858242988586
pemkab karanganyar;BUMD Kab. Karanganyar;1;0.986539900302887
kacab bri samarinda 1;SMK 1 Pinrang;1;0.6621342301368713
pemerintah jepara;Pemerintah Kabupaten Demak;1;0.9990600943565368
pemerintah bengkulu selatan;Dinas Kesehatan Provinsi Sumatera Selatan;0;0.9992278814315796
badan pengatur hilir minyak dan gas bumi bph migas;CV. Bumi Indo;0;0.9752627015113832
pt asuransi jasa indonesia persero;PT. Asuransi Jasa Indonesia Cab. Samarinda;1;0.9937158226966858
nasabah bank mandiri pemilik toko parfum;TOKO CENTRAL CCTV;0;0.8857517838478088
pt bank mandiri cabang cikampek;Mandiri Club, Prudential Life Assurance, Visionet Internasional, Pefindo Biro Kredit;1;0.8337792754173279
pt adhi;PT Milenium Kreasi;0;0.9975065588951112
bgr indonesia;Fujitsu Indonesia;1;0.9672855734825134
pemerintah kota bitung;PERUMAHAN VILLA KOTA INTAN;0;0.998461127281189
pemerintah kabupaten sumba timur;Dinas Kesehatan Sumba Timur;0;0.999320387840271
pt asuransi kredit indonesia;PT. ASURANSI KREDIT INDONESIA;1;0.9987708926200868
badan penyelenggara jaminan sosial ketenagakerjaan bpjamsostek;PCC (PRATAMA CENDEKIA CONSULTANT) SEBAGAI PENYELENGGARA WORKSHOP;1;0.8684021234512329
pemkot surakarta;DPC APSI Kota Surakarta;1;0.9927064776420592
pemerintah kabupaten intan jaya;CV. Jaya Setya Plastik;0;0.9976995587348938
pemerintah kabupaten aceh timur;PT. Langkat Laut Timur;0;0.999001443386078
indonesia tourism development coporation;PT. CJ Feed and Care Indonesia;1;0.993443250656128
perseta asabri pensiunan polri;Pensiunan;0;0.8699392676353455
pemkab tanah laut;Pemerintah Kabupaten Tanah Laut;1;0.9988973140716552
kementerian desa pembangunan daerah tertinggal dan transmigrasi;Desa Songgodadi Kec. Petungkriyono;0;0.9929410219192504
pemkot sorong;kanwil DJBC papua, kanwil sulbagsel, DJBC sorong;1;0.9609045386314392
pt garuda indonesia;PT Garuda UKN;1;0.997426688671112
pemkab sumenep;Inspektorat Kabupaten Sumenep;1;0.9986395239830016
pemkab bangka;CV. Anugerah Semesta Bangka (Otak-otak ase);1;0.9877123236656188
pt bank bni kantor cabang karawang;PT Bank BNI Kantor Cabang Karawang;1;0.9984418749809264
pemkab malinau;Ketua DPRD Kabupaten Malinau;1;0.9032770991325378
pemerintah kalimantan barat;Pemerintah Provinsi Kalimantan Barat;1;0.9993209838867188
kementerian informatika;Kementerian Pendidikan, Kebudayaan, Riset, Dan Teknologi;0;0.9979185461997986
kementerian pemberdayaan perempuan dan perlindungan anak;Kementerian Pemberdayaan Perempuan Dan Perlindungan Anak;1;0.9959563612937928
bank mandiri cabang gunungsari;Bank Mandiri cabang Gunungsari;1;0.9979009628295898
pt bank mandiri;Bank Jago;0;0.9962931275367736
bgr indonesia;IIA Indonesia;1;0.972146451473236
mahkamah konstitusi;Mahkamah Konstitusi;1;0.9982421398162842
bnsp republik indonesia;Bank Syariah Indonesia (BSI) KC Soekarno Hatta, Malang;1;0.9812218546867372
kementerian hukum dan ham;Advokat/Kuasa Hukum;0;0.9794825911521912
bgr indonesia;Asosiasi Blockchain Indonesia;1;0.7699381709098816
komisi pengawas persaingan usaha ri;Pelaku usaha UMKM Pangan;0;0.9916468858718872
pemerintah cimahi;Pemerintah Kota Cimahi;1;0.9990390539169312
pemkab subang;DPRD Kab. Subang;1;0.9555384516716005
kementerian koordinator bidang perekonomian;Kementerian Koordinator Bidang Perekonomian;1;0.9984769225120544
pemerintah kabupaten batang;PT Jasamarga Semarang Batang;0;0.9985224604606628
bri kacap banjarnegara;BRI kacap Banjarnegara;1;0.9981217980384828
pemprov sumatera barat;Wakil Gubernur Sumatera Barat;1;0.9725291728973388
pt danareksa;PT Busana Remaja Agracipta;0;0.9947133660316468
pemerintah surakarta;Universitas Slamet Riyadi Surakarta;0;0.9957433342933656
pt bank mandiri;Bank Woori Saudara;0;0.9972077012062072
pemkab jombang;RSUD Jombang;1;0.8564490079879761
kemen pupr;Kementerian PUPR;1;0.998134195804596
pemerintah kabupaten mahakam ulu;PT. Pelayaran Bunga Nusa Mahakam & Group;0;0.9948699474334716
pemerintah kabupaten bener meriah;Desa Sendangsari, Kecamatan Bener;0;0.9968920350074768
bp batam;BP Batam;1;0.998187243938446
kemenkumham;Kemenkumham;1;0.9975714087486268
pt kawasan industri lampung;ASN Kabid Pajak Bapenda Provinsi Lampung;1;0.6293067336082458
pt jakarta industrial estate pulogadung;PT Jakarta Propertindo (Perseroda);1;0.704383134841919
pemerintah kota tanjung balai;DESA SUBAN KECAMATAN TANJUNG SAKTI PUMU;0;0.9966309666633606
pt bgr;PT Palawi Risorsis;1;0.6900006532669067
pemkot malang;Bank Syariah Indonesia Malang;1;0.9883660078048706
pt dkb;PT Pembangkitan Jawa-Bali (PT PJB);1;0.987762212753296
kementerian hukum dan ham;Hukum Universitas Nusa Cendana;0;0.9964460730552672
pt perusahaan listrik negara;Perusahaan Swasta;0;0.9948497414588928
kementerian desa pdtt;Desa Patobong;0;0.997610569000244
kementerian pendidikan kebudayaan riset dan teknologi;kementerian pendidikan, kebudayaan, riset dan teknologi;1;0.73015958070755
bank negara indonesia;PT. Bank Negara Indonesia (Persero) Tbk;1;0.9964869022369384
kementerian energi dan sumber daya mineral esdm;Kementerian ESDM;1;0.9978663325309752
pt bgr;PT RIANDA USAHA MANDIRI;1;0.629436731338501
pt pelabuhan indonesia persero;Pelabuhan;1;0.6666874885559082
pt indra karya;PT. ANGGORO KARYA;0;0.9952464699745178
pemerintah kota surakarta;Universitas Muhammadiyah Surakarta;0;0.9970678687095642
nasabah bank mandiri pemilik toko parfum;Toko Muhanah;0;0.8424031138420105
bri kc dmpu;BRI KC Dmpu;1;0.9979851245880128
pemerintah kabupaten sidoarjo;RSUD Sidoarjo;0;0.9971466660499572
pt perusahaan listrik negara;Kontraktor Listrik;0;0.9896013140678406
pemerintah kota probolinggo;Pemerintah Kabupaten Probolinggo;1;0.9993027448654176
pt virama;PT Kordon Putra Sinergi;0;0.9941388368606568
pt pegadaian kanwil iv balikpapan;KEMENKUMHAM KANWIL PROV RIAU;1;0.915065348148346
pemerintah provinsi dki jakarta;Mandarin Oriental Jakarta;0;0.9969593286514282
pemerintah kabupaten tana toraja;Pemerintah Desa Kedawong Diwek;0;0.9990578293800354
kementerian transmigrasi;Kementerian Pemuda Dan Olahraga;0;0.9980977177619934
jamkrindo;PT. Jamkrindo Kanwil VII Banjarmasin;1;0.9943004846572876
pt taman wisata candi;PT. Relasi Laksana Wisata;0;0.9801017045974731
pt bri;BRI;1;0.9969525337219238
pt jiwasraya;PT ASURANSI TRI PAKARTA;0;0.9961404204368592
pt waskita karya cabang bali;ITP Markandeya Bali;1;0.993299961090088
pt garuda indonesia;PT. BANGUN INTI SUKSES INDONESIA;0;0.9952654838562012
bank bri;Bank BRI Cab Fak-Fak;1;0.99861741065979
bri cabang temanggung;PD BPR BKK Temanggung;1;0.996717631816864
jamkrindo;PT. Jamkrindo;1;0.9988559484481812
kemendagri;Dharma Wanita Persatuan Kemendagri;1;0.8668601512908936
perum perumnas;Perum Perumnas Proyek Lampung;1;0.9897940158843994
pt garuda indonesia;PT. Garuda Indonesia;1;0.9973257780075072
kejaksaan negeri kota kediri;Kepala Seksi Intelejen Kejaksaan Negeri Kota Kediri;1;0.9952085614204408
pemkot semarang;Mahasiswa Universitas Diponegoro, Semarang;1;0.7893645763397217
pemerintah kabupaten aceh barat daya;PT. Bumi Daya Plaza;0;0.9983768463134766
pemerintah kabupaten buton tengah;DINAS TENAGA KERJA PROV JAWA TENGAH;0;0.9984250068664552
pemkab sumenep;Bupati Sumenep;1;0.9964751601219176
pt telkom;PT VICTORY CHINGLUH;0;0.9944829344749452
pt smf;PT Cinere Serpong Jaya;1;0.6046866178512573
bank negara indonesia;Pegawai Bank Negara Indonesia;1;0.9947570562362672
nasabah bank mandiri pemilik toko parfum;Pemilik d'Qta Aja Resto;0;0.6194750666618347
lpsk ri;Staf Ahli Bapak Sarmudji DPR RI Komisi VI;1;0.9527408480644226
pt bank tabungan negara persero tbk btn;BANK BJB;1;0.9835488200187684
pemkot palembang;Bappeda Kota Palembang;1;0.99785977602005
pemerintah kabupaten temanggung;Bank Surya Yudha Temanggung;0;0.9972630739212036
pemkab serang;Pemerintah Kota Serang;1;0.9989996552467346
pemerintah kabupaten malinau;Pemerintah Kabupaten Malinau;1;0.9987429976463318
kementerian hukum dan ham;Operator Desa Kalidandan dan Desa Blimbing;0;0.9984890222549438
pemerintah kabupaten kutai timur;Pemerintah Kabupaten Kutai Timur;1;0.9983972907066344
pt smf;PT Hariff;1;0.9835354089736938
pt reasuransi internasional indonesia;PT PICO TBA;1;0.98812335729599
pt semen indonesia;PT. Semen Jakarta;1;0.6539047956466675
pt dana tabungan dan asuransi pegawai negeri   taspen persero;Asuransi Jiwa Sinarmas;0;0.9891539216041564
pemkab gianyar;Kabupaten Gianyar;1;0.9947432279586792
pemkab wonogiri;PT. DELTOMED WONOGIRI;1;0.9962019324302672
indonesia re;Ikatan Kosultan Pajak Indonesia (IKPI) Cabang Jakarta Barat;1;0.9075081944465636
kementerian pendidikan kebudayaan riset dan teknologi;Hotel Vasa dan Hotel Bumi;0;0.9976577758789062
pt bri cabang bojonegoro dan pt bri cabang nganjuk;Babk BJB cabang Karawang;1;0.9970541000366212
pemerintah provinsi sulawesi selatan;Dinas Pemberdayaan Masyarakat dan Desa. Kependudukan dan pencatatan sipil provinsi kepulauan Riau;0;0.9985559582710266
pemerintah kabupaten bolaang mongondow timur;Badan Pendapatan Daerah Provinsi Kalimantan Timur;0;0.9991230368614196
pemerintah kabupaten merangin;Pemerintah Kabupaten Merangin;1;0.9985989928245544
pemerintah kota tanjung balai;Balai Penyuluhan Pertanian Kecamatan Pakuniran;0;0.9968896508216858
pemkot yogyakarta;PT. Madu Baru Pabrik Gula - Pabrik Spiritus Madukismo Yogyakarta;1;0.7739130854606628
pt bank rakyat indonesia;PT Bank Rakyat Indonesia;1;0.9985395669937134
pt perusahaan listrik negara persero pln;PT PLN Batubara;1;0.9983660578727722
adhi karya;PT Adhi Karya;1;0.9780178666114808
pt hotel indonesia natour persero;El Royal Hotel;0;0.9890176057815552
pt telkom indonesia tbk;PT Sawit Sumbermas Sarana Tbk;0;0.9968299269676208
pt pln;PT Aneka Jasa Grhadika;0;0.9948484897613524
bni life;BNI LIFE;1;0.997821807861328
pemerintah kabupaten bandung;Pondok Selera Sunda Setiabudi, Bandung;0;0.9959122538566588
komisi pemilihan umum kabupaten fakfak;KPU Kabupaten Fakfak;1;0.995139479637146
pemkab temanggung;PD. BKK Temanggung;1;0.9976186156272888
kementerian pembangunan daerah tertinggal;Direktorat Sungai, Danau dan Penyeberangan, Ditjen Hub Darat, Kementerian Perhubungan;0;0.9883429408073424
pemkot palangka raya;PT. Nusantara Jaya Raya Mujur;1;0.8425328731536865
pemkab nias selatan;Bupati Halmahera Selatan;1;0.998484432697296
badan pembinaan ideologi pancasila;Badan Pembinaan Ideologi Pancasila;1;0.997771680355072
kementerian perencanaan pembangunan nasional ppn badan perencanaan pembangunan nasional bappenas;Kementerian Pariwisata Dan Ekonomi Kreatif/Badan Pariwisata Dan Ekonomi Kreatif;1;0.854320228099823
bank rakyat indonesia;Bank Rakyat Indonesia;1;0.9986886382102966
pemerintah kabupaten manggarai timur;Notaris/PPAT Kabupaten Hulu Sungai Tengai;0;0.9991902709007264
pemerintah kota jakarta timur;KPP Pratama Jakarta Kebayoran Baru Dua;0;0.984185516834259
pemerintah kabupaten bombana;Pemerintah Kabupaten Bombana;1;0.9984046816825868
pemerintah kabupaten pulau taliabu;Kecamatan Pulau Pinang;0;0.9986628293991088
kemen bumn;RUMAH BUMN WONOGIRI;1;0.8790969848632812
pemkab lamandau;Pemerintah Kabupaten Lamandau;1;0.9985795021057128
pt bank bri persero cabang ujung batu;Bank Bukopin, BRI, dan BSI;1;0.9867499470710754
bni divisi pengelolaan jaringan;BNI;1;0.9961477518081664
kemen bumn;BUMN;1;0.9084290266036988
badan pengatur hilir minyak dan gas bumi bph migas;Bumi Sindang Panon;0;0.996121108531952
bank mandiri pematang siantar kcp sutomo;Bank Mandiri Pematang Siantar KCP Sutomo;1;0.9986525177955629
pemkot jakarta timur;Koordinator BAZIS/BAZNAS Jakarta Timur;1;0.9945755004882812
pemerintah kabupaten pidie jaya;PT. Sinar Berlian Jaya Utama (Andoko Abdi);0;0.9974877834320068
pt dana tabungan dan asuransi pegawai negeri   taspen persero;PT Dana Tabungan Dan Asuransi Pegawai Negeri / Taspen (Persero);1;0.9980643391609192
pt sarana multigriya finansial;PT. Swadharma Sarana Informatika;0;0.9959021210670472
pt penjaminan infrastruktur indonesia persero;PT ITDC;1;0.999092698097229
pemerintah kabupaten sumba tengah;Pemerintah Kabupaten Sumba Tengah, NTT;1;0.9735857844352722
pt jiwasraya;PT Indosat;0;0.993916928768158
kepolisian negara republik indonesia resor kota pontianak;PT. Finnet Indonesia;1;0.97028648853302
pemerintah kota banjarbaru;Pemerintah Kota Banjarbaru;1;0.9993898868560792
pemerintah karanganyar;Pemerintah Kabupaten Wonogiri;1;0.998484432697296
pemkot bandung;Dukcapil Kota Bandung;1;0.9944499731063844
kementerian dalam negeri;Kementerian Kelautan Dan Perikanan;0;0.9986063838005066
pt kimia farma persero tbk;PT KIMIA FARMA (PERSERO), TBK;1;0.9982001781463624
pelindo iii;Bapenda UPPD Kota Semarang III;1;0.9691832661628724
kementerian koperasi dan ukm;Koperasi;0;0.9930711388587952
dewan perwakilan rakyat daerah;Dewan Perwakilan Rakyat Daerah;1;0.9952059388160706
bank tabungan negara;PT Bank Tabungan Negara (Persero), Tbk;1;0.998342514038086
pt smf;PT Indonesia Comnets Plus;1;0.9806110858917236
satuan kerja khusus pelaksana kegiatan usaha hulu minyak dan gas bumi skk migas;PT. Erze Bumi Harmoni;0;0.947508692741394
kejaksaan negeri kota kediri;Kepala Seksi Intelijen kejaksaan Negeri Kota Kediri;1;0.9949969053268432
pemkab sumedang;BJB SUMEDANG;1;0.9977976083755492
pemkab tabalong;Pemda Kabupaten Tabalong;1;0.9987232089042664
kementerian pendidikan kebudayaan riset dan teknologi;Direktorat Jenderal Pendidikan Tinggi, Riset dan Teknologi;0;0.992612600326538
kepolisian daerah provinsi di yogyakarta;Kepolisian Daerah Provinsi DI Yogyakarta;1;0.9979193806648254
perum bulog kanwil kaltim  kaltara;Perum BULOG Kanwil Kaltim & Kaltara;1;0.9978011250495912
pt reasuransi indonesia utama;PT. Elo Karsa Utama;1;0.9128592014312744
pt btn;BTN;1;0.9976728558540344
pemerintah sragen;Pemerintah Kabupaten Sragen;1;0.9989573955535888
pt perkebunan nusantara iii persero;PT Pindad (Persero);1;0.998197853565216
pt kiw;PT Setia Thenoch;1;0.8629249930381775
pemkot palembang;BDK Palembang;1;0.9980846643447876
badan pelindungan pekerja migran indonesia;Badan Pelindungan Pekerja Migran Indonesia;1;0.998527765274048
pemerintah kabupaten lingga;Bumdes Delta Mulia Kabupaten Pamekasan;0;0.9984015822410583
pemerintah provinsi banten;Pemerintah Provinsi Banten;1;0.9989153146743774
pemerintah kabupaten biak numfor;Kepala Desa Karangkamulyan Kecamatan Cijeungjing Kabupaten Ciamis;0;0.9989745616912842
kemenko polhukam;Kemenko Marves;1;0.9889606833457948
pemerintah kabupaten ogan komering ilir;Pemerintah Kabupaten Ogan Komering Ilir;1;0.9991567134857178
pemerintah kabupaten bangli;RS. Bangli Midika Canti;0;0.9930451512336732
pemkot sukabumi;PT Semen Jawa dan PT Tambang Semen Sukabumi;1;0.9704368114471436
kementerian luar negeri;SD Negeri 2 Kedung menjangan;0;0.9804968237876892
arsip nasional ri;Arsip Nasional Republik Indonesia;1;0.9964159727096558
pemerintah kabupaten seram bagian barat;Subbagian Tata Laksana Bagian OKI DJKN;0;0.9700260758399964
pt bank tabungan negara persero tbk btn;BANK BJB Serang;1;0.9900224804878236
pt pegadaian sentra layanan ultra mikro loa;Layanan Rental Mobil;0;0.8551555275917053
nasabah bank mandiri pemilik toko parfum;Owner Toko Cahaya Baru;0;0.8243311643600464
kementerian pendidikan kebudayaan riset dan teknologi;Dinas Pendidikan (Sekolah SMP/SD);0;0.9952241778373718
pemerintah jombang;Pemerintah Kabupaten Jombang;1;0.9988811612129213
pt dkb;PT Maybank Indonesia Tbk;1;0.8026398420333862
pt bgr;PT Daikin;1;0.7268027663230896
dpd;DPD HIMPERRA Kalimantan Selatan;1;0.7176820039749146
pemerintah kabupaten taliabu;SMA Pulokulon Kabupaten Grobogan;0;0.9991950392723083
perwakilan lembaga ilmu pengetahuan indonesia;Mantan Direktur Lembaga Pengembangan Perbankan Indonesia (LPPI);0;0.992318034172058
pt smf;Komisaris PT Phapros;1;0.9741445183753968
pt dkb;PT Bungasari Flour Mills Indonesia;1;0.7938921451568604
kemenkeu;DJKN Kemenkeu;1;0.9945569038391112
pemerintah kabupaten maros;Pemerintah Kabupaten Maros;1;0.999077081680298
dewan perwakilan rakyat daerah dprd;BANK PEMBANGUNAN DAERAH (BPD LAMPUNG);0;0.9983903169631958
pemkab karawang;Pemerintah Kabupaten Karawang;1;0.9989086389541626
pemerintah kabupaten tegal;SMK NU 1 Islamiyah Kramat Tegal;0;0.9972355961799622
pt pos indonesia kc cirebon;PT POS;1;0.7587243318557739
pt semen kupang;Nestle dan PT Beton;0;0.9951788187026978
pt bgr;PT Transportasi Gas Indonesia (Transgasindo);1;0.7242430448532104
bnn kota bengkulu;BNN Kota Bengkulu;1;0.9987547397613524
pembiayaan ekspor indonesia;PT. Twink Indonesia;1;0.9951329827308656
kementerian lingkungan hidup;Inspektorat Jenderal Kementerian Pertanian;0;0.9982900023460388
pemkab lamongan;LPSE Kabupaten Lamongan;1;0.932575523853302
pemerintah kabupaten grobogan;Pemerintah Kabupaten Grobogan;1;0.9992258548736572
pt bgr;PT Syabangun Bumitirta;1;0.7942014336585999
pemerintah kota medan;Dinas PPPA Medan;0;0.9967541098594666
kementerian kelautan;Kementerian Sosial;0;0.9985164999961852
pemprov jawa timur;Badan Amil Zakat Nasonal Provinsi Jawa Timur;1;0.9012688994407654
pemerintah kota samarinda;PT. Pelayaran Bunga Nusa Perdana Samarinda;0;0.9938790798187256
kementerian desa;Kementerian Kesehatan;0;0.9984747767448424
pt bgr;PT Aster Jaya Perkasa;1;0.5612973570823669
pemerintah kabupaten aceh barat daya;Sekolah Kecamatan Kebun Tebu Lampung Barat;0;0.9988988637924194
pt bank tabungan negara persero btn;bank BSI;1;0.9961695075035096
pemkot malang;Yayasan Islam Thursina Malang;1;0.8339072465896606
kementerian luar negeri;SMA NEGERI JUMAPOLO;0;0.9937216639518738
pt krakatau steel;The Indonesian Iron & Steel Industry Association (IISIA);0;0.890484094619751
pemerintah kabupaten mesuji;Unit Penyelenggara Pelabuhan Kelas III Mesuji;0;0.9965018033981324
pemkot cimahi;Kodim 0609 Cimahi;1;0.9935224652290344
pemerintah kabupaten bandung barat;Dinas Perindustrian dan Perdagangan Provinsi Sumatera Barat;0;0.9988428354263306
pemerintah kota gorontalo;Badan Penyelesaian Sengketa Konsumen Gorontalo;0;0.9985740184783936
pt industri telekomunikasi indonesia persero;Industri makanan;0;0.9959455132484436
perum lembaga penyelenggara pelayanan navigasi penerbangan indonesia airnav;Perum Lembaga Penyelenggara Pelayanan Navigasi Penerbangan Indonesia (Airnav);1;0.9986878037452698
pt bank mandiri cabang samarinda;Bank Mandiri Cabang Maros;1;0.9979094862937928
pt kimia farma persero tbk;Apotik Kimia Farma UB Jember;1;0.5483790040016174
jasa marga;VENDOR PENYEDIA JASA BILLBOARD;0;0.985632300376892
pemerintah kabupaten aceh jaya;cv indah jaya;0;0.998544216156006
pemerintah ngawi;RSAT Kab Ngawi;1;0.9966046810150146
pt twc;PT Medika Maesindo Global;1;0.7559659481048584
kementerian agama;Kementerian Keuangan;0;0.998085618019104
kacab bri samarinda 1;SMPN 1 Mandiraja;0;0.8425162434577942
badan pengatur hilir minyak dan gas bumi bph migas;BPMA (Badan Pengelola Migas Aceh);1;0.5888615846633911
pt pelabuhan indonesia iii persero;OY! Indonesia;1;0.9915593266487122
pemerintah kabupaten mamuju tengah;Pengelola Global Fund TV Dinas Kesehatan Provinsi Jawa Tengah;0;0.9977085590362548
bp2mi jawa barat;Bapenda Wilayah Kabupaten Bandung Barat;1;0.9473667740821838
pt angkasa pura i persero;PT. Angkasa Pura I;1;0.997340977191925
kementerian pemuda dan olahraga;Direktorat Barang Kebutuhan Pokok dan Barang Penting;0;0.9920589923858644
pt asuransi pegawai negeri;Founder Astronacci - Pegawai Swasta;0;0.9719403386116028
pt perusahaan listrik negara;Mitra  Perusahaan;0;0.994844913482666
pt bahana pembinaan usaha indonesia persero;PT MSINFOKOM;1;0.9902384281158448
pemprov kalimantan tengah;Lembaga Layanan Pendidikan Tinggi Wilayah VI Jawa Tengah;1;0.9007548093795776
pt biro klasifikasi indonesia persero cabang cirebon;BSI Cabang Parepare;1;0.9959220886230468
kementerian dalam negeri;SMP SATU ATAP NEGERI TALUN;0;0.9917289614677428
pt bank tabungan negara;PT Bank Tabungan Negara;1;0.9985126852989196
pemerintah kabupaten sigi;Tim Kabupaten Kota Kreatif Pacitan dan UMKM;0;0.9991201758384703
pemkot banjarmasin;PT. Asuransi Central Asia Cabang Banjarmasin;1;0.9915359020233154
indonesia tourism development coporation itdc;PT Roatex Indonesia Toll System;1;0.9457642436027528
pemerintah kabupaten malang;Politeknik Pembangunan Pertanian Malang;0;0.998612642288208
pemerintah kabupaten sumba barat;Kantor Pelayanan Pajak Pratama Medan Barat;0;0.9972795844078064
pt boma bisma indra persero cabang jakarta;Direktur Jakarta Convention Center;1;0.6643712520599365
kementerian koordinator bidang kemaritiman dan investasi;KEMENTERIAN INVESTASI/BKPM;1;0.9959522485733032
pemerintah kabupaten puncak jaya;PT. ORGANIC HANS JAYA;0;0.9968003034591676
pemerintah kabupaten siak;Pemerintah Kabupaten Siak;1;0.9983123540878296
pemkab pidie jaya;PT BUNAKEN JAYA;0;0.9987610578536988
pos indonesia;PT. Pos Indonesia;1;0.9983683228492736
pemkot salatiga;Kantor ATR / BPN Kota Salatiga;1;0.9915783405303956
perpustakaan nasional ri;Dinas Perpustakaan;0;0.9929044842720032
pemerintah kabupaten buton selatan;Polres Kab.Tapanuli Selatan;0;0.99925297498703
pemprov kalimantan barat;Kapolda Kalimantan Barat;1;0.9962080717086792
pemerintah kabupaten kubu raya;PT. Graha Karya Raya Bersama;0;0.9960285425186156
pemerintah kabupaten minahasa tenggara;Kantor SKK Migas Jawa,  Bali, Madura, dan Nusa Tenggara;0;0.9924618601799012
pt indonesia ferry;PT Mayasari Bakti;0;0.9954604506492616
pemerintah kabupaten kapuas;UPTD PASAR LEMATANG KABUPATEN LAHAT;0;0.9986920952796936
pemprov jawa timur;Wakil Gubernur Jawa Timur;1;0.9565359354019164
pt kiw;PT Arthatel;1;0.9392681121826172
pemerintah demak;Pemerintah Kabupaten Jepara;1;0.998734176158905
pt jiwasraya;PT Sentral Utama Teknikal Mandiri;0;0.9957329630851746
pemerintah kota bau bau;Pemerintah Kota;1;0.9979068040847778
pt kiw;PT Kebon Agung;1;0.8664697408676147
pemkab tanggamus;Bappeda Kabupaten Tanggamus;1;0.9954509139060974
kementerian badan pertanahan nasional;Badan Diklat Kejaksaan;0;0.9944604635238647
pemerintah kabupaten aceh jaya;PT Tata Griya Jaya;0;0.9975082874298096
lembaga kantor berita nasional antara biro jawa barat;Kantor Notaris Hengky Budi;0;0.9721278548240662
pemerintah kabupaten lombok utara;Universitas Hamzanwadi Lombok (NTB);0;0.9979318380355836
pemkab bojonegoro;Pemerintah Kabupaten Bojonegoro;1;0.9987149238586426
badan meteorologi klimatologi dan geofisika bmkg;KSP Kospinjasa dan KSP Pangestu;1;0.9580748081207277
pt taspen persero;PT Taspen;1;0.998715877532959
pemkab kampar;MAN 2 Kampar;1;0.9807511568069458
pemerintah kota bandar lampung;Unit Penyelenggara Bandar Udara Ilaga;0;0.9973711967468262
pemkab mahakam ulu;BKD KABUPATEN MAHAKAM ULU;1;0.9986617565155028
pemerintah kota yogyakarta;Pemerintah Kota Yogyakarta;1;0.9988999366760254
pt pupuk indonesia holding company;PT Fortuna Anekamulti Gemilang (Authorized Distributor Schaefler);0;0.9950425624847412
badan pemeriksa keuangan bpk;BPK;1;0.9984025359153748
pemerintah kabupaten muko muko;Pemerintah Bangladesh;1;0.9234323501586914
pt bank bri persero cabang ujung batu;Bank BJB, Bank Bukopin, Bank BTPN, Bank BSI;1;0.9063025116920472
pt bank mandiri;PT. GLOBAL MANDIRI EKAPRATAMA;0;0.9960665106773376
kementerian koperasi dan ukm;Koperasi Wahana Kalpika;0;0.9975157976150512
pemkot singkawang;dinas pendidikan dan kebudayaan kota singkawang;1;0.9630045294761658
pt taman wisata candi borobudur prambanan dan ratu boko persero;Tamu Undangan Pernikahan Zara Salsabila Zainal dan Iptu Indra Darmawan S.T.K, S.I.K;1;0.9469404220581056
pt twc;PT Keong Nusantara Abadi;1;0.9850512742996216
pemkab malinau;DPRD Kabupaten Malinau;1;0.8714046478271484
kementerian pendayagunaan aparatur negara dan reformasi birokrasi kem panrb;SP SCBI dan Awan Elektrik;1;0.9896398782730104
komisi penyiaran indonesia kpi;Komisi;1;0.7616497874259949
pt dkb;PT Kayreach System;1;0.9339932203292848
pemerintah bekasi;Pemerintah Kota Bekasi;1;0.9989176988601683
angkasa ii;Pejabat Lelang Kelas II;0;0.9745739102363586
lembaga pembiayaan ekspor indonesia;Lembaga Pembiayaan Ekspor Indonesia;1;0.998790442943573
bri masamba;BRI Masamba;1;0.997417688369751
pemkab muaro jambi;Pemerintah Kabupaten Muaro Jambi;1;0.9991313815116882
pemerintah kabupaten humbang hasundutan;Pemerintah Desa Bolobungkang;0;0.9992859959602356
pt bank rakyat indonesia persero tbk bri;PT. Bank BRI;1;0.9989194869995116
komisi pemberantasan korupsi;Komisi Pemberantasan Korupsi;1;0.9975862503051758
bank bri unit prambanan;Unit UPPD Samsat 2 Kayutangi;0;0.9803680181503296
kantor pos mamuju;KANTOR POS MAMUJU;1;0.9971599578857422
pt telkom pcc;PT Telkom;1;0.9923050999641418
indofarma global medika;Klinik Parakita Medika;0;0.952246069908142
pt bahana pembinaan usaha indonesia persero;CV Inti Citra Usaha;0;0.9882573485374452
pt kiw;PT Dagu Komunika;1;0.8267500400543213
komisi pemilihan umum kabupaten fakfak;Umum;0;0.9971042275428772
bank rakyat indonesia cabang sintang;Bank BPD Jateng;1;0.9945564270019532
pt barata indonesia;PT Akar Bumi;0;0.9980125427246094
pemkot surabaya;Pelaku usaha di Surabaya;1;0.9881227612495422
pemprov lampung;STAH LAMPUNG;1;0.9459165334701538
lembaga kebijakan pengadaan barang jasa pemerintah;Lembaga Kebijakan Pengadaan Barang/Jasa Pemerintah;1;0.9959089756011964
pemkab sumedang;BANK SUMEDANG;1;0.7565738558769226
pemkab bengkalis;Setda Kabupaten Bengkalis;1;0.9873141646385192
bri cabang luwuk;Bank Syariah Indonesia Cabang Luwuk;1;0.9924827218055724
peruri;peruri;1;0.996893048286438
pt bgr;PT MNC Guna Usaha Indonesia;1;0.8845601081848145
badan siber dan sandi negara bssn;BSSN;1;0.9977760910987854
pt pln;PT PLN;1;0.9983970522880554
kementerian luar negeri;Sekolah Dasar Negeri 33 Talang Ubi;0;0.9924311637878418
pemkab bima;UPTD Kab Bima;1;0.9956388473510742
pt dana tabungan;PT Binayasa Putra Batara;0;0.9977096319198608
pt penerbitan dan percetakan balai pustaka persero;PT Monex Investindo Futures;1;0.9814227819442748
pemerintah provinsi di yogyakarta;OBJEK PEMERIKSAAN (Desa di Kecamatan Tasikmadu);0;0.9947931170463562
pt indah karya persero;PT. RIZKY BUMI PERSADA INDAH;0;0.9833425283432008
taman wisata candi borobudur prambanan dan ratu boko;PT Taman Wisata Candi Borobudur, Prambanan, Dan Ratu Boko (Persero);1;0.9977648258209229
pt bank rakyat indonesia persero tbk bri;Bank BRI;1;0.9979808926582336
inspektur utama badan pengawas pemilihan umum;PT. Cahaya Samtraco Utama;0;0.9746426343917848
kementerian desa;Kepala Desa Dondo Soboli;0;0.997261643409729
pemerintah kota banjarmasin;PT. Pelayaran Bina Benua Samudera Banjarmasin;0;0.9887465834617616
bank rakyat indonesia;PT Bank Rakyat Indonesia (Persero), Tbk;1;0.9976881742477416
badan informasi geospasial;Badan Pengelola Pendapatan Daerah, UPPD Kab Purworejo;0;0.9956711530685424
pemerintah kota kotamobagu;Pemerintah Kota Kotamobagu;1;0.9988682270050048
pemkab lebak;Kejaksaan Negeri Lebak;1;0.814182698726654
pemkab tanggamus;Pemerintah Kabupaten Tanggamus;1;0.9987331032752992
pt dkb;PT Blue Bird Tbk;1;0.9917120933532716
pt smf;PT USU HYDRA POWER;1;0.9160990118980408
pemerintah kabupaten muara enim;Dewan Kerajinan Nasional Daerah Kabupaten Kapuas Hulu;0;0.9991156458854676
pemerintah kabupaten tanjung jabung timur;Badan Usaha Jalan Tol PT Cibitung Tanjung Priok Port Tollways;0;0.9913353323936462
dok dan perkapalan kodja bahari;BPRS Harta Insan Karimah Bahari;0;0.9687848091125488
pt asuransi jasa indonesia;PT Asuransi Jasa Indonesia (Persero);1;0.998335301876068
pemerintah kabupaten puncak jaya;PT. Elbana Abadi Jaya;0;0.9961206316947936
bio farma;BIO FARMA;1;0.9972374439239502
pt bgr;Direktur Utama PT Indosat Oorodeo Hutchison;1;0.8400365114212036
reasuransi indonesia utama;PT. Persona Prima Utama (PPU);1;0.9917776584625244
pemkab seram barat;Dispar Halmahera Barat;1;0.998204231262207
pt boma bisma indra persero cabang jakarta;Jakarta International Container Terminal (JICT);1;0.92313551902771
pt pertamina persero;PT Pertamina;1;0.998651087284088
bni life insurance;Maximus Insurance;1;0.921393096446991
pt pegadaian persero;Pegadaian;1;0.9968608617782592
bri cabang temanggung;BRI Cabang Temanggung;1;0.99874746799469
cfo pt pertamina;Universita Pertamina;1;0.9960057139396667
kementerian sumber daya mineral;CV. Sumber Nelayan;0;0.9938437938690186
pt berdikari persero;PT Surya bersama propertindo;0;0.9943028688430786
kemendikbudristek;Kemendikbudristek;1;0.997627317905426
kacab bri samarinda 1;Bank Rakyat Indonesia Samarinda 1;1;0.9281437993049622
pemerintah kabupaten pemalang;Pemerintah Kabupaten Pemalang;1;0.9987766146659852
pt bgr;PT Nusantara Infrastruktur;1;0.8148428797721863
pemerintah kabupaten aceh besar;Duta Besar Qatar;0;0.9975726008415222
pemprov sumatera selatan;Kanwil kemenag prov.sumatera selatan;1;0.9494722485542296
pemerintah kabupaten timor tengah selatan;Dinas Kesehatan Kabupaten Gresik;0;0.999440610408783
pemkot palembang;BCA Cabang Palembang;1;0.995042085647583
lembaga administrasi negara;Lembaga Administrasi Negara;1;0.99825257062912
pemerintah kabupaten minahasa tenggara;SKK Migas Jawa,  Bali, Madura, dan Nusa Tenggara (Jabanusa);0;0.9945834279060364
inspektorat jenderal tni;waki konsultan jenderal Cina;0;0.9600250720977784
pt bgr;PT NAKU FREIGHT INDONESIA;1;0.9787433743476868
pt perusahaan gas negara persero tbk;PT Perusahaan Gas Negara (Persero), Tbk;1;0.9981405735015868
kantor pos mamuju;Kantor Pos Mamuju;1;0.9974340796470642
pupuk indonesia holding company;Chairman of Tosyali Holding;0;0.98605877161026
bgr indonesia;PT. Microsoft Indonesia;1;0.9372864961624146
pemerintah tuban;Pemerintah Kabupaten Lamongan;1;0.9988707900047302
pt dkb;PT Semen Gresik (Persero), Tbk;1;0.9880369901657104
pemerintah provinsi jawa tengah;Kanwil Kemenag Jawa Tengah;1;0.9946035742759703
pt kiw;PT SUSI AIR;1;0.9088972210884094
anggota dewan perwakilan daerah;Dewan Perwakilan Rakyat;0;0.9982081651687622
satuan kerja khusus pelaksana kegiatan usaha hulu minyak dan gas bumi skk migas;Pelaksana Kontraktor CV CANAYYA CONSTRUCTION;0;0.9538156986236572
pemerintah kota probolinggo;BKD Kabupaten Probolinggo & BKPSDM Kota Kediri;1;0.9956089854240416
pt bio farma bandung;PT Bio Farma (Persero);1;0.9986209869384766
pemkot probolinggo;KAPOLRES PROBOLINGGO KOTA;1;0.8794187307357788
pemerintah kabupaten gunung mas;PT Naga Mas Mulia;0;0.9978880286216736
pt pnm;PNM Investment Management;1;0.9935954213142396
bni cabang jakarta kramat;KPKNL Jakarta V;1;0.9493959546089172
pt yodya karya persero;PT. Karya Mitra Budi Sentosa;0;0.9968474507331848
pemerintah kabupaten empat lawang;Pemerintah Kabupaten Empat Lawang;1;0.9991600513458252
bpjs kesehatan;Dekan Fakultas Ulmu Kesehatan Universitas Aisyiyah Yogyakarta;1;0.7477817535400391
pln uip nusra;PLN UIW NTB dan PLN UIP NUSRA;1;0.9987114667892456
pt smf;Komisaris  PT Blue Bird;1;0.9853507280349731
indonesia financial group;Group Musik;0;0.969502866268158
pt pln;PT Timah Industri;0;0.995047688484192
pt kim;KIM Pamekasan Hebat;1;0.9934160709381104
pemkot bima;BSI KC Bima Soetta 1;1;0.9323070645332336
pemerintah kota cilegon;Pemerintah Kota Cilegon;1;0.9988686442375184
bank bni kantor cabang karawang;Bank Bukopin;1;0.6587786674499512
bnsp republik indonesia;Indonesia Power;1;0.9906702041625975
pemkot padang;Pegawai BBPOM di Padang;1;0.8914892673492432
pt smf;PT Bank Pembangunan Daerah Jawa Barat dan Banten, Tbk;1;0.9338275194168092
pt hutama karya persero;PT Hutama Karya (Persero);1;0.99801105260849
hotel natour;Aston Hotel;0;0.971105456352234
pemerintah kabupaten aceh barat daya;SMK Negeri 1 Palasah Cabang Dinas Pendidikan Wilayah IX Provinsi Jawa Barat;0;0.9976568222045898
pemerintah kabupaten gorontalo;Disdik Pemkot Gorontalo;1;0.9964818954467772
pemkot blitar;Walikota Blitar;1;0.9985491633415222
badan pengelola keuangan haji bpkh;Kementerian Keuangan Bangladesh;1;0.7315599918365479
pt bgr;PT Lisna Syifa Prima Padang;1;0.9049819707870485
pemkab gresik;Koperasi Karyawan Keluarga Besar Petrokimia Gresik (K3PG);1;0.9939380884170532
pemprov jateng;BPD Jateng Capem Ngadirejo;1;0.9216685891151428
pt jamkrindo cabang bandung;PT. JAMKRINDO KANWIL VIII Banjarmasin & KC Tarakan;1;0.979304850101471
indofarma global medika cabang;PT. Triguna Medika Pratama;0;0.9806140661239624
pt smf;PT Bank Centra Asia Tbk, Corporate Banking Group;1;0.962130844593048
pemerintah sintang;Pemerintah Kabupaten Sintang;1;0.998429000377655
pt bank mandiri cabang samarinda;Bank Mandiri Medan;1;0.9631777405738832
asuransi angkatan bersenjata;PT. Asuransi Ramayana Cabang Banjarmasin;1;0.9807751178741456
pemkab cianjur;DPRD Cianjur;1;0.987134039402008
nasabah bni;tidak diketahui, namun diduga nasabah BNI;1;0.9928085803985596
inspektorat jenderal tni;Direktorat Jenderal Tanaman Pangan;0;0.990848183631897
kominfo;Balai Besar Pengujian Perangkat Telekomunikasi, Kementerian Kominfo;1;0.977377474308014
pemerintah kabupaten lamongan;Universitas Muhammadiyah Lamongan;0;0.9977918863296508
pt berdikari persero;PT Candi Arta;0;0.995597779750824
jamkrindo;PT. JAMKRINDO;1;0.998909831047058
pt berdikari indonesia;PT SKP;1;0.9989234805107116
pemerintah kabupaten bolaang mongondow;Pemerintah Kabupaten Bolaang Mongondow;1;0.9988020658493042
pt dkb;PT;1;0.9937474727630616
pemkot ambon;Hotel Santika Ambon;1;0.9386196136474608
pemkot bengkulu;Balai POM di Bengkulu;1;0.973881721496582
pt bgr;PT Golden Compas Indonesia;1;0.7400130033493042
pt bgr;PT GLOBAL SELARAS MEDIKA;1;0.9032915234565736
kementerian desa;Ketua Pokmas Desa Putak;0;0.98738431930542
pemerintah kabupaten aceh jaya;PT Saddam Jaya Perkasa;0;0.9982842803001404
pemerintah kabupaten pamekasan;Pemerintah Kabupaten Pamekasan;1;0.9992363452911376
kementerian pekerjaan umum dan perumahan rakyat pupr;Kementerian Kominfo;1;0.9412841796875
pemerintah provinsi jawa tengah;Pemerintah Provinsi Jawa Tengah;1;0.998742401599884
jamkrindo;PT. Jamkrindo Cabang Samarinda;1;0.9971504807472228
pt asuransi jiwasraya persero;PT. ASURANSI TRI PAKARTA;0;0.9925589561462402
pt smf;PT Bulog Cabang Surakarta;1;0.9981447458267212
bgr indonesia;Bank Indonesia Pematangsiantar;1;0.8474012613296509
pt bank mandiri cikampek;PT Bank Mandiri Cikampek;1;0.9984883069992064
pt indah karya persero;Politeknik Kesehatan Karya Husuda Yogyakarta;0;0.995960533618927
pemkab kapuas hulu;Polres Kapuas Hulu;1;0.9893587827682496
badan pusat statistik bps;Kepala Badan Konservasi Borobudur;0;0.9971073269844056
pemerintah kabupaten kudus;Pemerintah Kabupaten Kudus;1;0.998769462108612
primissima batik;Sila Butik Batik;0;0.8795697689056396
komisi pemilihan umum kabupaten fakfak;rumah sakit umum dinda;0;0.996645987033844
pemkot pematang siantar;Staf Exim PT. Siantar Top, Tbk;1;0.6984595656394958
pemkot palangkaraya;Bahalap Hotel Palangkaraya;1;0.983665943145752
pemkot mataram;Al-Azhar Islamic University Mataram;1;0.987069010734558
pemerintah kabupaten fak fak;Pemerintah Kabupaten;1;0.9975178241729736
bp2mi;UPT BP2MI Medan;1;0.9900426864624025
pemkab pidie jaya;Jaya Seluler Indonesia;0;0.9978443384170532
pusat pelaporan dan analisis transaksi keuangan;Pusat Pelaporan dan Analisis Transaksi Keuangan;1;0.994642972946167
pemerintah kabupaten bombana;Dinas Koperasi dan UKM Kabupaten Subang;0;0.9993537068367004
pemkot palangkaraya;Fovere Hotel Palangkaraya;1;0.9935089349746704
pemerintah kabupaten sijunjung;Pemerintah Desa Kejuden;0;0.9995871186256408
pt smf;PT KUARTA;1;0.9590442776679992
pemerintah kabupaten mojokerto;Pemerintah Kota Mojokerto;1;0.999200403690338
pupuk indonesia;Standard Chartered Indonesia;0;0.9970154762268066
pt industri nuklir indonesia;PT TKDN;1;0.9985544085502625
pt telkom;PT Timah, Tbk;0;0.9932098984718324
pemkab sidoarjo;IDE KITA CEMERLANG SIDOARJO;1;0.9947180151939392
pemprov sumatera barat;Pemerintah Provinsi Sumatera Barat;1;0.9990304708480836
pt smi;PT Caterindo Citra Rasa;0;0.9957627654075624
kementerian koperasi dan ukm;Kementerian Koperasi dan UKM;1;0.9981741905212402
pt bki;PT HWI;1;0.9903258085250854
pemkab gowa;Pemerintah Kabupaten Gowa;1;0.998424768447876
kementerian pertanian;Menteri Pertanian;0;0.9979752898216248
badan meteorologi klimatologi dan geofisika bmkg;Badan Meteorologi, Klimatologi, dan Geofisika;1;0.9986286163330078
bank bri unit prambanan;Bank BRI Unit Prambanan;1;0.9984338879585266
pt bank mandiri;PT. Athaya Abbas Mandiri;0;0.9896321296691896
pemerintah kabupaten raja ampat;Raja United Emirates Arab;0;0.9964985847473145
nasabah bank mandiri pemilik toko parfum;Pemilik;0;0.8643409013748169
pemerintah tegal;Pemerintah Kabupaten Tegal;1;0.998946249485016
pt semen indonesia;PT Maulidya Mandiri propertindo;0;0.9914917349815368
pemerintah kota mataram;Universitas Islam Negri (UIN) Mataram / Panitia The 3rd Geotourism Festival & International Conference;0;0.8465315699577332
pemerintah kabupaten tasikmalaya;Sekda Kabupaten Garut - PNS;0;0.9985246062278748
perusahaan gas negara;Perusahaan Pengurusan Jasa Kepabeanan;0;0.9863396883010864
pt pertamina patra niaga;Pertamina Patra Niaga;1;0.9977589845657348
pemkot sukabumi;SMKN 4 Sukabumi;1;0.9961642026901244
pt bgr;PT Bank DKI Jakarta;1;0.986375629901886
bank bri cabang blitar;BANK BRI CABANG BLITAR;1;0.998513400554657
pemkab sleman;UMKM Sleman;1;0.8045700788497925
pemerintah kabupaten intan jaya;PT. EDCO PUTRA JAYA;0;0.9972878694534302
pt geo dipa energi persero;PT. Geo Dipa Energi (Persero);1;0.9989186525344848
pemerintah kabupaten tolikara;Pemerintah Kabupaten Indragiri Hilir;0;0.9995155334472656
bpjs kesehatan;BPJS Kesehatan;1;0.996994972229004
kemenhub ri;Anggota Komisi V DPR RI;1;0.9930874705314636
kementerian koordinator perekonomian;Deputi Bidang Industri dan Investasi Kementerian Pariwisata dan Ekonomi Kreatif;0;0.9959622025489808
pemkab mojokerto;Pemkot Mojokerto;1;0.99868506193161
pt pertamina lubricants;PT Pertamina Lubricants;1;0.9978417158126832
lpsk ri;Komisi VI DPR RI;1;0.9911832809448242
pemerintah kabupaten kaimana;puskesmas Kaimana;0;0.9985789060592652
bri cabang maros;BRI Cabang Maros;1;0.9979501366615297
pt superintending company of indonesia;House of Trusmi;0;0.9032506346702576
pt sarana multi infrastruktur persero pt smi;PT Mustika Eka Unggul;0;0.996206521987915
pemerintah kabupaten yahukimo;"Panitia dari Badan Perencanaan Pembangunan, Penelitian dan Pengembangan Daerah Pemerintah Provinsi Jawa Tengah untuk FGD ""Pemulihan Ekonomi Akibat Dampak Covid-19 dan Perubahan Geopolitik di Bidang Ketahanan Energi""";0;0.9859257340431212
pt superintending company of indonesia;Embassy of Bangladesh;1;0.7769621014595032
kementerian desa;Desa Mekarharja;0;0.9980667233467102
kemensos ri;Sekretariat Ditjen Linjamsos, Kemensos;1;0.9922956228256226
kementerian luar negeri;SMK NEGERI JATIPURO;0;0.9916129112243652
pemerintah kabupaten malang;RS Aisyiah Malang Rumah Sakit;0;0.9966526627540588
pt asuransi jiwasraya;PT. Asuransi Tri Pakarta;0;0.9904595613479614
bgr indonesia;PT. Samuel Sekuritas Indonesia;1;0.963215470314026
pemerintah kabupaten gresik;Kecamatan Gresik;0;0.9985431432724
pemerintah kabupaten maluku barat daya;SEKRETARIAT PERWAKILAN KEMENTERIAN KEUANGAN SULAWESI BARAT;0;0.9987555742263794
pemerintah kabupaten gresik;Dinas Kesehatan Gresik;0;0.9989041090011596
asuransi jasindo;JASINDO;1;0.9419862627983092
telkom indonesia;PT. Kredit Pintar Indonesia;0;0.9957441687583924
pemerintah kabupaten puncak;Dinas Kelautan, Perikanan dan Peternakan Kabupaten Cianjur;0;0.9991915822029114
pt angkasa pura ii;PT Angkasa Pura II (Persero);1;0.998220145702362
pt wijaya karya;PT. Wijaya Triutama Plywood Indsutri Banjarmasin;0;0.9698740243911744
pemerintah kabupaten pesisir barat;Kepala Badan Pengelolaan Pendapatan Daerah Provinsi Nusa Tenggara Barat;0;0.998875081539154
pemerintah kabupaten gresik;Pemerintah Kabupaten Gresik;1;0.9989288449287416
pemkot tarakan;PT. Askrindo KC Tarakan;1;0.997416615486145
kemenparekraf ri;Pelaksana BPPK Kemenkeu RI - PNS;1;0.8878090977668762
pemerintah kota madiun;Pemerintah Kota Madiun;1;0.9988991022109984
pt energi management indonesia;PT BND;1;0.9989180564880372
pemkot kota gorontalo;Pemerintah Kota Gorontalo;1;0.9988356232643129
pemkab banggai laut;ASN Kepala Bidang Dikdas Kab. Banggai Laut;1;0.8580052852630615
kementerian koperasi dan ukm;UKM;0;0.995499551296234
lembaga penjamin simpanan;Lembaga Penjamin Simpanan;1;0.9941972494125366
pt bgr;PT Microsoft Indonesia;1;0.6803048849105835
pt telkom indonesia persero tbk;PT Telkom PCC;1;0.998890459537506
pemprov ntb;Dinas Dispora NTB;1;0.968641757965088
pemprov maluku;Gubernur Maluku;1;0.5902730822563171
pemkot surabaya;BBPOM di Surabaya;1;0.9939051270484924
kantor staf presiden;Staf;0;0.9914113283157348
pemkot surabaya;asuransi al-amin Surabaya;1;0.907975137233734
pemprov kalimantan timur;PT. Conch South Kalimantan Cement;1;0.7999794483184814
pt bgr;PT Fresh Galang Mandiri Consultant;1;0.7008107304573059
pemkab serang;BPR Serang;1;0.998356282711029
pemerintah kota pare pare;Pemerintahan Kota;1;0.9955431818962096
kacab bri samarinda 1;SMK Pasundan 1;0;0.8114857077598572
bank mandiri;Pegawai bank;0;0.9954967498779296
pemerintah kabupaten aceh selatan;Dinas Pemberdayaan Masayrakat dan Desa Kabupaten Semarang;0;0.9990721940994264
kementerian pendayagunaan aparatur negara dan reformasi birokrasi kem panrb;Lembaga penyelenggara pelatihan dan seminar;0;0.993608832359314
pt inti persero;INTI DATA TELEMATIKA;0;0.9087348580360411
pt jasa marga;PT. Impala Akbarindo - penyedia jasa outsourcing cleaning services;0;0.9766863584518432
pemerintah kabupaten aceh tenggara;Kantor SKK Migas Jawa,  Bali, Madura, dan Nusa Tenggara (Jabanusa);0;0.9938125610351562
pt sarana multigriya finansial;PT Indracipta Purisatria;0;0.9978585839271544
pemerintah kabupaten padang lawas;Dinas Penanaman Modal dan Pelayanan Terpadu Satu Pintu Kabupaten Pelalawan;0;0.9990971088409424
pt smf;PT Sasa Inti Jakarta;1;0.9955925345420836
bank nasional indonesia bni 46;Bank Nasional Indonesia (BNI 46) Cabang Pangkalan Bun;1;0.9967755675315856
pt bank bri persero cabang ujung batu;BANK BCA;1;0.8631327748298645
pemerintah serang;Pemerintah Kabupaten Serang;1;0.9988769888877868
pt dkb;PT Bank Pembangunan Daerah Jawa Timur, Tbk;1;0.9559863209724426
pt bank rakyat indonesia persero tbk bri;Kantor Perwakilan Bank Indonesia Perwakilan Kalimantan Selatan;1;0.5799687504768372
pt smf;PT Cirebon Energi Prasarana (CEPR);1;0.990288019180298
pemkot mojokerto;Kepala MAN 2 Mojokerto;1;0.9951189756393432
bank mandiri cabang samarinda;CV Mitra Mandiri;1;0.6984462141990662
pemkot pekanbaru;Kepala BBPOM di Pekanbaru;1;0.9926186203956604
badan narkotika nasional bnn;Badan Narkotika Nasional;1;0.9951918125152588
bank bri kc pandeglang;KANTOR PERWAKILAN BANK INDONESIA MALANG;1;0.8894133567810059
perum lembaga kantor berita nasional antara;Kantor Notaris Ibnu Andalusi;0;0.9833551049232484
pt asabri;Peserta ASABRI;1;0.998503804206848
pt bio farma indonesia;Pegawai PT Oigo Infrastruktur;1;0.8185049295425415
pt superintending company of indonesia;Head of Partnership Siloam Group;0;0.8618321418762207
pt kertas kraft aceh persero;PT. KERTAS PADALARANG;0;0.9933682084083556
pt perikanan nusantara;PT. ANEKA NUSANTARA INTERNASIONAL;0;0.99319988489151
bank mandiri cabang samarinda;Bank Mandiri Cabang Samarinda;1;0.9991186261177064
hotel natour;The Trans Luxury Hotel;0;0.9811760783195496
bp2mi jawa barat;-Jalan Rawa Buaya No.8, cengkareng, jakarta barat;1;0.8211351037025452
dewan perwakilan rakyat daerah dprd;Anggota DPRD Fraksi PPP;0;0.9905822277069092
pemkot probolinggo;Pemerintah Kota Probolinggo;1;0.9987767338752748
pemerintah kota pekalongan;Pemerintah Kabupaten Pekalongan;1;0.9988804459571838
pt bank mandiri cabang cikampek;PT Bank Mandiri Cabang Cikampek;1;0.9985650181770324
kemenkopukm;KEMENKOPUKM;1;0.9979389309883118
badan pengusahaan batam bp batam;Badan Pengusahaan Batam (BP Batam);1;0.997098445892334
perum perhutani divisi regional jawa barat dan banten;Ex. Advisor Organisasi dan SDM;1;0.9323627948760986
pemerintahan buleleng;Instansi Pemerintahan;0;0.9976154565811156
pt pegadaian area samarinda;PT. Pegadaian Area Samarinda;1;0.9989293217658995
pemerintah kota surabaya;Politeknik Pelayaran Surabaya;0;0.9976149797439576
pt bahana pembinaan usaha indonesia persero;PT. Bahana Sekuritas;0;0.9767964482307434
pemerintah kabupaten tuban;Fave Hotel Tuban;0;0.9928210377693176
pt taspen;Direktur Operasional PT. TASPEN;1;0.9983792304992676
bank rakyat indonesia cabang sintang;Bank Rakyat Indonesia Cabang Sintang;1;0.998288094997406
kementerian koperasi dan ukm;KEMENTERIAN KOPERASI DAN UKM;1;0.9976044297218324
kementerian desa;Desa pasir reungit;0;0.996012568473816
indonesia financial group ifg;SMEC Group;1;0.9925649166107178
pt penjaminan infrastruktur indonesia;PT Penjaminan Infrastruktur Indonesia;1;0.9989749193191528
otoritas jasa keuangan;Otoritas Jasa Keuangan;1;0.9980011582374572
pemerintah kota cirebon;Pemerintah Kota Cirebon;1;0.9991657733917236
waskita karya;PT Waskita Karya;1;0.9981149435043336
kementerian luar negeri;SMK Negeri 1 Jogonalan;0;0.9937385320663452
pt pembangunan perumahan;PT Griya Persada Pangestu;0;0.9961665272712708
kementerian desa pdtt;DESA;0;0.9955633878707886
indonesia re;Yayasan Reef Check Indonesia;1;0.955464243888855
pemerintah provinsi sulawesi tengah;Dinas Koperasi dan UMKM Provinsi Sulawesi Utara;0;0.9988204836845398
pemerintah kabupaten pesisir selatan;Pemerintah Kabupaten Pesisir Selatan;1;0.9991139769554138
pemkot pekanbaru;Kepala BBPOM Pekanbaru;1;0.9930960536003112
pemkab jombang;MDB Jombang;1;0.9987192153930664
pt bgr;PT Karoseri Anak Bangsa;1;0.952043116092682
pemerintah kota medan;KPP Pratama Medan Barat;0;0.9981999397277832
indonesia re;PT. Mars Internasional Indonesia (MII);1;0.9886675477027892
pupuk indonesia;Distributor Pupuk Bersubsidi;0;0.9899084568023682
pemprov kalimantan tengah;STAH DHARMA SENTANA SULAWESI TENGAH;1;0.9782944917678832
pemerintah kabupaten manggarai barat;Dispar Kabupaten Manggarai Barat;1;0.9869842529296876
pemerintah kota tasikmalaya;Pemerintah Kota Tasikmalaya;1;0.9989932179450988
pemerintah kabupaten kediri;Pemerintah Kota Kediri;1;0.9989534616470336
pemerintah kabupaten luwu utara;Pemerintah Kabupaten Luwu Utara;1;0.9988797307014464
kejaksaan negeri kota kediri;Kejaksaan Negeri Kota Kediri;1;0.998711109161377
badan penyelenggara jaminan sosial kesehatan bpjs kesehatan;Badan Penyelenggara Jaminan Sosial Kesehatan;1;0.9664542078971864
pemkab purworejo;Pemilik KTA Taylor Purworejo;1;0.9902920126914978
pemerintah kabupaten murung raya;BPR Dana Raya Jatim/ Penyedia Jasa Keuangan;0;0.9963204860687256
pemkot bekasi;KPPBC Tipe Madya Pabean A Bekasi;1;0.7685521841049194
bnsp republik indonesia;Bank Indonesia (Bank Sentral Republik Indonesia);1;0.9617092609405518
pemerintah kabupaten aceh timur;Kantor Gubernur Kalimantan Timur;0;0.9980430603027344
primissima batik;Universitas Islam Batik;0;0.9875785708427428
bgr indonesia;Data Science Indonesia;1;0.8272712230682373
bank mandiri;Bank Danamon;0;0.997211754322052
pt industri telekomunikasi indonesia persero;PT Pulau Rempah Indonesia;0;0.9985116124153136
pt bank bri persero cabang ujung batu;BANK BAHTERMAS;1;0.6986647844314575
kanreg vi bkn medan;Kanreg VI BKN Medan;1;0.9965450167655944
pemkab ogan ilir;Mantan Kades Gemidar Ilir;1;0.5711079835891724
pt danareksa;PT Kordon Putra Sinerga;0;0.9919501543045044
pemkot pontianak;Pemerintah Kota Pontianak;1;0.9991027116775512
pt dkb;PT DONGJIN;1;0.970429301261902
perum perhutani divisi regional jawa barat dan banten;Loka POM di Loka Rejang Lebong dan BPOM di Bengkulu;1;0.9701218605041504
pt twc;PT Hidup Tujuh Lautan;1;0.9528158903121948
pemerintah kabupaten sidoarjo;Pemerintah Kabupaten Sidoarjo;1;0.9991735816001892
kemenko pembangunan manusia dan kebudayaan;Direktorat Jenderal Pengelolaan Sampah, Limbah, dan Bahan Berbahaya dan Beracun, KLHK;1;0.6042028069496155
pt kiw;PT MNC Pictures;1;0.9919833540916444
pt shs;PT Huawei Tech Investment (Huawei Indonesia/Corporate Affairs);1;0.598338782787323
pt jakarta industrial estate pulogadung;PT Jakarta Industrial Estate Pulogadung;1;0.9986276626586914
pemerintah kabupaten kubu raya;SMA Raudlatul Ulum 2 Kubu Raya;0;0.997821569442749
pt pertamina;PT. Pertamina;1;0.9975042939186096
pemerintah kabupaten tanah laut;Pengusaha Galian Tanah Urug;0;0.9960967898368835
pemerintah kabupaten buru;ADKASI (Asosiasi DPRD Kabupaten Seluruh Indonesia);0;0.99867981672287
pemkab tanah datar;PEMERINTAH KABUPATEN TANAH DATAR;1;0.99901282787323
pt energi management indonesia persero;Panin Asset Management;0;0.991771638393402
pemkab sidoarjo;Kodim Sidoarjo;1;0.9979692101478576
pemkab jember;Istri Wakil Bupati Jember;1;0.8438565731048584
pemerintah kabupaten sidoarjo;Pengadilan Agama Sidoarjo;0;0.9974114298820496
pt bgr;pt aqua golden mississippi;1;0.5315364599227905
kementerian energi dan sumber daya mineral esdm;PPBMN Kementerian ESDM;1;0.9976611137390136
bni divisi solusi ritel;BNI DIVISI SOLUSI RITEL;1;0.9984856247901917
bri custody;BRI Custody;1;0.9983317255973816
pt danareksa persero;Laboratorium kalibrasi PT Indofood;0;0.9872738122940063
pemerintah kabupaten kuantan singingi;Pemerintah Desa Wonorejo Kec jatiyoso;0;0.9989367127418518
pemerintah kabupaten paser;Pemerintah Kabupaten Paser;1;0.9986141920089722
pemerintah kabupaten sorong selatan;Dinas Koperasi dan UKM Kabupaten Sleman;0;0.9990609288215636
bri kantor pusat;BRI Kantor Pusat;1;0.9980979561805724
pemkot tebing tinggi;Pemerintah Kota Tebing Tinggi;1;0.998897910118103
pln batubara;PLN Batubara;1;0.9978561997413636
lpsk ri;Wakil Presiden RI;1;0.9881624579429626
pemerintah kabupaten sumedang;Pemerintah Kabupaten Sumedang;1;0.9984083771705629
pt boma bisma indra persero cabang jakarta;HRD Perusahaan PT Sumber Alfaria Trijaya;1;0.8465562462806702
bank bni;Bank Bni Cabang Perguruan Tinggi Bandung;1;0.9948351383209229
badan nasional pengelola perbatasan;Unit Pengelola Kegiatan Dana Amanah Pemberdayaan Masyarakat Kec. Gebang;0;0.9926349520683287
pt telkom;PT Sri Rejeki Fertilizer;0;0.9950291514396667
pemerintah provinsi bali;Marketing Manager, Padma Legian Bali;0;0.991737186908722
pemerintah provinsi bali;Universitas Ngurah Rai Bali;0;0.9947153925895692
kementerian pendayagunaan aparatur negara dan reformasi birokrasi kem panrb;Induk Koperasi Kepolisian Negara (Inkopol);0;0.9968576431274414
pt smf;PT Kahatex;1;0.9707593321800232
pemerintah kabupaten puncak jaya;Perusahaan renis jaya;0;0.9980403780937196
kementerian desa;Desa Mojogedang;0;0.9976466298103333
pln batubara pln bb;Perusahaan Batubara;1;0.9890535473823548
pemerintah kabupaten puncak jaya;PT Sinar Jaya;0;0.998672366142273
