,Kata,Index
0,Kemenko,[0]
1,Polhukam,"[0, 1]"
2,Kemlu,"[2, 3]"
3,RI,"[3, 7, 9, 11, 15, 17, 19, 23, 25, 80, 81, 85, 87, 91, 97, 100, 101, 107, 674, 681, 682, 764, 765, 768]"
4,Kementerian,"[4, 50, 51, 671, 745, 750]"
5,BUMN,"[4, 5]"
6,Kemen,"[5, 8, 9, 748, 749]"
7,Kemenparekraf,"[6, 7]"
8,PUPR,"[8, 9]"
9,Kemenpora,"[10, 11]"
10,Kemendikbudristek,[12]
11,Kemdikbud,[13]
12,Kemendag,"[14, 15]"
13,Kemenhub,"[16, 17]"
14,Kemenperin,"[18, 19]"
15,Kemhan,[20]
16,Departemen,[21]
17,Pertahanan,[21]
18,Kementan,"[22, 23]"
19,Kemensetneg,[24]
20,Setneg,[25]
21,BPK,[26]
22,Badan,"[27, 40, 45, 46, 52, 55, 57, 61, 67, 68, 70, 103, 104, 112, 114, 120, 675, 678, 751, 752, 753, 756, 757, 758, 771]"
23,Pemeriksa,[27]
24,Keuangan,"[27, 92, 771, 775]"
25,DPD,[28]
26,Anggota,"[29, 30, 31]"
27,Dewan,"[29, 31, 72, 106, 125]"
28,Perwakilan,"[29, 31, 63, 65, 83]"
29,Daerah,"[29, 77, 137, 770]"
30,DPR,[30]
31,Rakyat,"[31, 39, 554]"
32,KY,[32]
33,Komisi,"[33, 79, 80, 101, 759, 761, 768, 769, 770]"
34,Yudisial,[33]
35,(KY),[33]
36,Mahkamah,"[34, 36]"
37,Agung,[34]
38,MA,[35]
39,Konstitusi,[36]
40,MK,[37]
41,MPR,[38]
42,Majelis,[39]
43,Permusyawaratan,[39]
44,Informasi,[40]
45,Geospasial,[40]
46,BIG,[41]
47,Kanreg,[42]
48,VI,[42]
49,BKN,"[42, 43]"
50,Medan,[42]
51,Kantor,"[43, 111, 522, 552, 898]"
52,Regional,"[43, 894]"
53,XIV,[43]
54,Manokwari,"[43, 398, 399]"
55,BIN,[44]
56,Intelijen,[45]
57,Negara,"[45, 67, 76, 101, 529, 633, 635, 725, 763]"
58,Keamanan,[46]
59,Laut,"[46, 863]"
60,Bakamla,[47]
61,BKKBN,"[48, 49]"
62,Provinsi,"[49, 55, 56, 57, 63, 75, 77, 137, 492, 494, 498, 499, 502, 506, 510, 512, 755, 756, 878, 881, 885, 886]"
63,Sulawesi,"[49, 63, 755]"
64,Utara,"[49, 134, 135, 142, 143, 299, 300, 328, 329, 340, 363, 385, 411, 448, 449, 452, 496, 755, 831, 848, 884, 893]"
65,Investasi/BKPM,[50]
66,Investasi,[51]
67,Meteorologi,[52]
68,Klimatologi,[52]
69,Dan,"[52, 92, 666, 777]"
70,Geofisika,[52]
71,BMKG,[53]
72,Papua,"[53, 515]"
73,BNN,[54]
74,Kota,"[54, 74, 76, 129, 131, 133, 135, 144, 462, 466, 470, 482, 486, 676, 780, 875]"
75,Bengkulu,"[54, 727]"
76,Narkotika,[55]
77,Nasional,"[55, 57, 68, 70, 72, 86, 88, 97, 103, 522, 524, 657, 675, 757, 758, 759, 765, 766, 921]"
78,Jawa,"[55, 56, 57, 59, 75, 185, 186, 238, 239, 292, 293, 522, 894]"
79,Barat,"[55, 56, 57, 59, 63, 128, 129, 154, 155, 185, 186, 319, 320, 332, 333, 376, 379, 383, 391, 396, 417, 429, 430, 431, 441, 456, 511, 522, 785, 786, 837, 847, 851, 861, 862, 894]"
80,BNPB,[56]
81,Penanggulangan,"[57, 675]"
82,Bencana,[57]
83,BP2MI,"[58, 59]"
84,BPOM,[60]
85,Kabupaten,"[60, 78, 79, 347, 357, 369, 370, 374, 412, 415, 422, 427, 431, 434, 448, 451, 454, 675, 835, 843, 857, 866, 868, 890]"
86,Bogor,"[60, 676, 790, 791, 800]"
87,POM,[61]
88,BPKP,"[62, 63]"
89,BPPT,"[64, 65]"
90,BSSN,[66]
91,Siber,[67]
92,dan,"[67, 88, 104, 682, 745, 758, 894, 906]"
93,Sandi,[67]
94,Standardisasi,[68]
95,BSN,[69]
96,Tenaga,"[70, 678]"
97,Nuklir,"[70, 591, 678]"
98,BATAN,[71]
99,Ketahanan,"[72, 86]"
100,Wantannas,[73]
101,Kejaksaan,"[74, 768]"
102,Negeri,[74]
103,Kediri,"[74, 253, 254, 288]"
104,Kejaksaaan,[75]
105,Tinggi,[75]
106,Tengah,"[75, 238, 239, 326, 327, 336, 362, 387, 392, 394, 438, 449, 493, 720, 867]"
107,Kepolisian,"[76, 77]"
108,Republik,"[76, 90, 94, 102, 103, 106, 122, 725, 766]"
109,Indonesia,"[76, 82, 83, 90, 94, 102, 103, 106, 110, 117, 122, 540, 543, 548, 554, 558, 559, 562, 569, 573, 574, 575, 585, 589, 591, 603, 608, 613, 614, 619, 638, 639, 640, 641, 644, 645, 652, 654, 659, 725, 737, 740, 743, 766, 769, 770, 918, 919, 921, 925, 926, 936]"
110,Resor,[76]
111,Pontianak,"[76, 315, 316]"
112,DI,[77]
113,Yogyakarta,[77]
114,KPU,[78]
115,Memberamo,[78]
116,Raya,"[78, 303, 304, 393, 403, 481, 853]"
117,Pemilihan,"[79, 752]"
118,Umum,"[79, 516, 524, 529, 725, 752, 896]"
119,Fakfak,"[79, 357, 358]"
120,Pengawas,"[80, 678, 751, 752]"
121,Persaingan,[80]
122,Usaha,"[80, 777]"
123,KPPU,[81]
124,Lembaga,"[82, 83, 84, 86, 88, 108, 522, 680, 682, 763, 773]"
125,Ilmu,"[82, 83]"
126,Pengetahuan,"[82, 83]"
127,Kebijakan,[84]
128,Pengadaan,[84]
129,Barang/Jasa,[84]
130,Pemerintah,"[84, 127, 129, 131, 133, 135, 137, 139, 141, 143, 147, 149, 151, 153, 155, 157, 159, 161, 163, 165, 167, 169, 171, 173, 175, 180, 182, 186, 189, 191, 193, 195, 197, 199, 201, 203, 205, 207, 209, 211, 213, 215, 217, 219, 221, 223, 225, 227, 229, 231, 233, 235, 237, 239, 242, 244, 246, 248, 250, 252, 254, 256, 258, 260, 262, 264, 266, 268, 270, 272, 274, 276, 278, 280, 282, 284, 286, 293, 296, 298, 300, 302, 304, 306, 308, 310, 312, 314, 316, 318, 320, 323, 325, 327, 329, 331, 347, 357, 369, 370, 374, 412, 415, 422, 427, 431, 434, 444, 448, 451, 454, 462, 466, 470, 482, 486, 492, 494, 498, 499, 502, 506, 510, 512, 685, 687, 689, 691, 694, 696, 699, 701, 703, 706, 709, 712, 714, 780, 782, 784, 786, 789, 791, 793, 795, 797, 799, 802, 804, 808, 810, 812, 814, 816, 818, 821, 823, 825, 827, 835, 843, 857, 866, 868, 875, 878, 881, 885, 886]"
131,LKPP,[85]
132,Lemhannas,[87]
133,Penerbangan,[88]
134,Antariksa,[88]
135,Lapan,[89]
136,Ombudsman,"[90, 91]"
137,Pusat,"[92, 130, 131, 756, 769, 898]"
138,Pelaporan,[92]
139,Analisis,[92]
140,Transaksi,[92]
141,PPATK,[93]
142,Sekretariat,[94]
143,Kabinet,[94]
144,Setkab,[95]
145,ANRI,[96]
146,Arsip,[97]
147,TNI,"[98, 99]"
148,Angkatan,[98]
149,Udara,"[98, 658]"
150,Inspektorat,[99]
151,Jenderal,[99]
152,KASN,[100]
153,Aparatur,[101]
154,Sipil,[101]
155,BNSP,[102]
156,Sertifikasi,[103]
157,Profesi,[103]
158,Pengatur,[104]
159,Hilir,[104]
160,Minyak,"[104, 777]"
161,Gas,"[104, 633, 777]"
162,Bumi,"[104, 777]"
163,BPH,[105]
164,Migas,"[105, 778]"
165,Pertimbangan,[106]
166,Presiden,"[106, 111]"
167,Wantimpres,[107]
168,Pembiayaan,"[108, 611]"
169,Ekspor,[108]
170,LPEI,[109]
171,Eximbank,[110]
172,Staf,[111]
173,Penyelenggara,"[112, 114]"
174,Jaminan,"[112, 114, 125]"
175,Sosial,"[112, 114, 125]"
176,Kesehatan,"[112, 113]"
177,BPJS,"[113, 116]"
178,Ketenagakerjaan,"[114, 116]"
179,BPJAMSOSTEK,[115]
180,Bank,"[117, 550, 551, 552, 554, 555, 556]"
181,(BI),[117]
182,BI,[118]
183,BNPP,[119]
184,Pembinaan,[120]
185,Ideologi,[120]
186,BPIP,[121]
187,Radio,[122]
188,RRI,[123]
189,DJSN,[124]
190,Pemkab,"[126, 138, 140, 142, 146, 148, 150, 152, 154, 156, 158, 160, 162, 164, 166, 168, 170, 172, 174, 188, 190, 192, 194, 196, 198, 200, 202, 204, 206, 208, 210, 212, 214, 216, 218, 220, 222, 224, 226, 228, 230, 232, 234, 241, 243, 245, 247, 249, 251, 253, 255, 257, 259, 261, 263, 265, 267, 269, 271, 273, 275, 277, 279, 281, 283, 295, 297, 299, 301, 303, 305, 307, 309, 311, 313, 322, 324, 326, 328, 330, 332, 333, 334, 335, 336, 337, 338, 339, 340, 341, 342, 343, 344, 345, 346, 348, 349, 350, 351, 352, 353, 354, 355, 356, 358, 359, 360, 361, 362, 363, 364, 365, 366, 367, 368, 371, 372, 373, 375, 376, 377, 378, 379, 380, 381, 382, 383, 384, 385, 386, 387, 388, 389, 390, 391, 392, 393, 394, 395, 396, 397, 398, 399, 400, 401, 402, 403, 404, 405, 406, 407, 408, 409, 410, 411, 413, 414, 416, 417, 418, 419, 420, 421, 423, 424, 425, 426, 428, 429, 430, 432, 433, 435, 436, 437, 438, 439, 440, 441, 442, 443, 445, 446, 447, 449, 450, 452, 453, 455, 456, 457, 458, 459, 460, 684, 686, 688, 690, 693, 695, 698, 700, 702, 708, 713, 715, 716, 717, 718, 719, 720, 721, 722, 723, 781, 783, 785, 788, 790, 792, 794, 796, 798, 801, 803, 807, 809, 811, 813, 815, 817, 820, 822, 824, 826, 828, 829, 830, 831, 832, 833, 834, 836, 837, 838, 839, 840, 841, 842, 844, 845, 846, 847, 848, 849, 850, 851, 852, 853, 854, 855, 856, 858, 859, 860, 861, 862, 863, 864, 865, 867, 869]"
191,Kepulauan,"[126, 127, 367, 371, 375, 497, 498, 503, 504, 844, 876]"
192,Seribu,"[126, 127]"
193,Kab.,[127]
194,Pemkot,"[128, 130, 132, 134, 144, 176, 177, 178, 179, 181, 183, 184, 236, 285, 287, 288, 289, 290, 291, 315, 317, 461, 463, 464, 465, 467, 468, 469, 471, 472, 473, 474, 475, 476, 477, 478, 479, 480, 481, 483, 484, 485, 487, 488, 489, 490, 697, 704, 705, 707, 710, 711, 779, 800, 805, 806, 819, 870, 872, 873, 874, 876]"
195,Jakarta,"[128, 129, 130, 131, 132, 133, 134, 135, 136, 137, 571, 779, 780]"
196,Adminsitrasi,[129]
197,Administrasi,"[131, 133, 135, 763, 780]"
198,Timur,"[132, 133, 150, 151, 292, 293, 377, 381, 388, 397, 432, 433, 434, 439, 514, 716, 832, 834, 838, 845, 882]"
199,Pemprov,"[136, 145, 185, 187, 238, 240, 292, 294, 319, 321, 491, 493, 495, 496, 497, 500, 501, 503, 504, 505, 507, 508, 509, 511, 513, 514, 515, 787, 877, 879, 880, 882, 883, 884, 887, 888]"
200,DKI,[136]
201,Khusus,"[137, 777]"
202,Ibukota,[137]
203,Boalemo,"[138, 139]"
204,Bone,"[140, 141]"
205,Bolango,"[140, 141]"
206,Gorontalo,"[142, 143, 144, 145, 684, 685]"
207,Bungo,"[146, 147]"
208,Kerinci,"[148, 149]"
209,Tanjung,"[150, 151, 487, 785, 786]"
210,Jabung,"[150, 151, 785, 786]"
211,Tebo,"[152, 153]"
212,Bandung,"[154, 155, 176, 517, 519, 566, 788, 789, 893, 912]"
213,Bekasi,"[156, 157, 178, 675]"
214,Ciamis,"[158, 159]"
215,Cirebon,"[160, 161, 569, 639, 697]"
216,Indramayu,"[162, 163]"
217,Karawang,"[164, 165, 552]"
218,Kuningan,"[166, 167]"
219,Pangandaran,"[168, 169]"
220,Subang,"[170, 171, 900]"
221,Sukabumi,"[172, 173, 183]"
222,Sumedang,"[174, 175]"
223,Banjar,"[177, 822, 823]"
224,Cimahi,"[179, 180]"
225,Depok,"[181, 182]"
226,Tasikmalaya,"[184, 695, 696]"
227,jabar,[187]
228,Banjarnegara,"[188, 189]"
229,Banyumas,"[190, 191]"
230,Batang,"[192, 193]"
231,Blora,"[194, 195]"
232,Boyolali,"[196, 197]"
233,Brebes,"[198, 199]"
234,Cilacap,"[200, 201]"
235,Demak,"[202, 203]"
236,Grobogan,"[204, 205]"
237,Jepara,"[206, 207]"
238,Karanganyar,"[208, 209]"
239,Kebumen,"[210, 211]"
240,Kendal,"[212, 213]"
241,Klaten,"[214, 215]"
242,Pekalongan,"[216, 217, 805]"
243,Pemalang,"[218, 219]"
244,Purbalingga,"[220, 221]"
245,Purworejo,"[222, 223]"
246,Rembang,"[224, 225]"
247,Semarang,"[226, 227, 806]"
248,Sukoharjo,"[228, 229]"
249,Tegal,"[230, 231, 707]"
250,Wonogiri,"[232, 233]"
251,Wonosobo,"[234, 235]"
252,Salatiga,"[236, 237]"
253,Jateng,[240]
254,Bangkalan,"[241, 242]"
255,Blitar,"[243, 244, 287]"
256,Bojonegoro,"[245, 246]"
257,Bondowoso,"[247, 248]"
258,Jember,"[249, 250]"
259,Jombang,"[251, 252]"
260,Lamongan,"[255, 256]"
261,Lumajang,"[257, 258]"
262,Magetan,"[259, 260]"
263,Mojokerto,"[261, 262, 819]"
264,Ngawi,"[263, 264]"
265,Pacitan,"[265, 266]"
266,Pamekasan,"[267, 268]"
267,Pasuruan,"[269, 270, 291]"
268,Ponorogo,"[271, 272]"
269,Probolinggo,"[273, 274, 710, 890]"
270,Sidoarjo,"[275, 276]"
271,Sumenep,"[277, 278]"
272,Trenggalek,"[279, 280]"
273,Tuban,"[281, 282]"
274,Tulungagung,"[283, 284]"
275,Batu,"[285, 286]"
276,Madiun,"[289, 813, 814]"
277,Malang,"[290, 811, 812]"
278,Jatim,[294]
279,Bengkayang,"[295, 296]"
280,Kapuas,"[297, 298, 365]"
281,Hulu,"[297, 298, 324, 325, 326, 327, 328, 329, 777]"
282,Kayong,"[299, 300]"
283,Ketapang,"[301, 302]"
284,Kubu,"[303, 304]"
285,Landak,"[305, 306]"
286,Mempawah,"[307, 308]"
287,Sambas,"[309, 310]"
288,Sanggau,"[311, 312]"
289,Sekadau,"[313, 314]"
290,Singkawang,"[317, 318]"
291,Kalimantan,"[319, 320, 493, 496, 877, 882]"
292,Kalbar,[321]
293,Balangan,"[322, 323]"
294,Sungai,"[324, 325, 326, 327, 328, 329, 693, 694]"
295,Selatan,"[324, 325, 335, 339, 351, 361, 384, 399, 779, 780, 865, 866, 867, 877]"
296,Tabalong,"[330, 331]"
297,Aceh,"[332, 333, 334, 335, 336, 660, 715, 716, 828, 829, 830, 831, 870, 888]"
298,Daya,"[333, 391, 862]"
299,Jaya,"[334, 364, 386, 424, 855]"
300,Alor,[337]
301,Asmat,[338]
302,Barito,"[339, 340, 824, 825, 832]"
303,Belu,[341]
304,Biak,[342]
305,Numfor,[342]
306,Bima,"[343, 473]"
307,Bintan,[344]
308,Bireuen,[345]
309,Boven,"[346, 347, 348]"
310,Digul,"[346, 347]"
311,Digoel,[348]
312,Bulungan,[349]
313,Buru,"[350, 351]"
314,Deiyai,[352]
315,Dogiyai,[353]
316,Dompu,[354]
317,Ende,[355]
318,Fak,[356]
319,Gayo,[359]
320,Lues,[359]
321,Gunung,[360]
322,Mas,[360]
323,Halmahera,"[361, 362, 363, 837, 838]"
324,Intan,[364]
325,Keerom,[366]
326,Aru,"[367, 368, 369]"
327,Sula,"[370, 371, 372]"
328,Yapen,"[373, 374, 375]"
329,Kotawaringin,"[376, 377]"
330,Kupang,"[378, 476]"
331,Kutai,"[379, 380, 381]"
332,Kartanegara,[380]
333,Lamandau,[382]
334,Lampung,"[383, 384, 385, 467, 507, 656, 720, 845]"
335,Lanny,[386]
336,Lombok,"[387, 388, 847, 848]"
337,Mahakam,[389]
338,Ulu,[389]
339,Malinau,[390]
340,Maluku,"[391, 392, 508, 850, 851, 884]"
341,Mamberamo,"[393, 394]"
342,Manggarai,"[395, 396, 397]"
343,Mappi,[400]
344,Mesuji,[401]
345,Mimika,[402]
346,Murung,[403]
347,Nabire,[404]
348,Nagekeo,[405]
349,Natuna,[406]
350,Nduga,[407]
351,Nunukan,[408]
352,Paniai,[409]
353,Pegunungan,[410]
354,Bintang,[410]
355,Penajam,"[411, 412, 413]"
356,Paser,"[411, 412, 413, 722]"
357,PPU,"[414, 415]"
358,Pesawaran,[416]
359,Pesisir,[417]
360,Pidie,"[418, 855]"
361,Pulang,[419]
362,Pisau,[419]
363,Pulau,"[420, 858]"
364,Morotai,"[420, 421, 422]"
365,Puncak,"[423, 424]"
366,Rote,[425]
367,Ndao,[425]
368,Sabu,[426]
369,Raijua,[426]
370,Sabu-Raijua,"[427, 428]"
371,Seram,"[429, 430, 431, 432, 433, 434]"
372,Bagian,"[429, 432]"
373,Seruyan,[435]
374,Simeulue,[436]
375,Sukamara,[437]
376,Sumba,"[438, 439, 861, 862]"
377,Sumbawa,"[440, 441]"
378,Supiori,[442]
379,Tana,[443]
380,Tidung,[443]
381,KTT,[444]
382,Tanah,"[445, 863]"
383,Bumbu,[445]
384,Tanggamus,[446]
385,Tapin,[447]
386,Timteng,"[448, 452, 865, 866]"
387,Timor,"[449, 867]"
388,TTU,"[450, 451]"
389,Tolikara,[453]
390,Tubaba,"[454, 455]"
391,Tulang,"[456, 869]"
392,Bawang,"[456, 869]"
393,Waropen,[457]
394,Way,[458]
395,Kanan,[458]
396,Yahukimo,[459]
397,Yalimo,[460]
398,Ambong,"[461, 462]"
399,Ambon,[463]
400,Balikpapan,[464]
401,Bandarlampung,"[465, 466]"
402,Bandar,[467]
403,Banjarbaru,[468]
404,Banjarmasin,[469]
405,Banjarmasih,"[470, 471]"
406,Batam,"[472, 620, 621, 753, 754]"
407,Bontang,[474]
408,Jayapura,"[475, 556, 839]"
409,Langsa,[477]
410,Mataram,[478]
411,Metro,[479]
412,Palangkaraya,"[480, 482]"
413,Palangka,[481]
414,Samarinda,"[483, 731]"
415,Subulussalam,[484]
416,Tanjungpinang,"[485, 486]"
417,Pinang,[487]
418,Tarakan,[488]
419,Ternate,[489]
420,Tual,[490]
421,Kalteng,"[491, 492]"
422,Kaltara,"[494, 495, 889]"
423,Babel,"[497, 498, 499, 500]"
424,Bangka,"[501, 502, 503]"
425,Belitung,"[501, 502, 503]"
426,Riau,[504]
427,Kepri,"[505, 506]"
428,NTB,"[509, 510]"
429,Nusa,"[511, 514]"
430,Tenggara,"[511, 514, 715, 850, 851]"
431,NTT,"[512, 513]"
432,Perusahaan,"[516, 524, 529, 633, 635, 725, 735, 737, 896]"
433,DAMRI,"[516, 517]"
434,Perum,"[517, 523, 525, 526, 528, 724, 889, 890, 893, 894, 895]"
435,UABK,[517]
436,PT,"[518, 519, 530, 532, 538, 540, 547, 559, 561, 562, 566, 569, 571, 573, 575, 577, 579, 583, 584, 585, 587, 588, 590, 592, 594, 597, 599, 600, 602, 605, 609, 610, 616, 620, 621, 622, 623, 624, 625, 628, 629, 631, 637, 639, 641, 642, 647, 648, 651, 652, 656, 657, 658, 659, 660, 661, 662, 664, 666, 667, 668, 669, 726, 727, 728, 731, 733, 734, 736, 738, 740, 741, 742, 743, 744, 898, 900, 902, 904, 905, 908, 910, 913, 916, 922, 923, 925, 927, 928, 929, 934, 936]"
437,Jamkrindo,"[518, 519]"
438,Cabang,"[519, 552, 554, 569, 571, 599, 647, 933]"
439,Jasa,"[520, 521, 543, 598, 599, 775, 891, 892, 911, 912]"
440,Tirta,"[520, 521, 891, 892, 930]"
441,I,"[521, 917]"
442,Berita,[522]
443,Antara,"[522, 523]"
444,Biro,"[522, 569]"
445,LKBN,[523]
446,Pembangunan,"[524, 924]"
447,Perumahan,"[524, 924]"
448,Perumnas,[525]
449,Peruri,"[526, 527]"
450,PFN,[528]
451,Produksi,[529]
452,Film,[529]
453,Adhi,"[530, 531]"
454,Karya,"[530, 531, 533, 564, 565, 580, 582, 583, 586, 587, 596, 597]"
455,AMKA,[532]
456,Amarta,[533]
457,Angkasa,"[534, 536]"
458,Pura,"[534, 536]"
459,AP1,[535]
460,2,"[536, 892]"
461,AP2,[537]
462,Asabri,"[538, 539]"
463,(Persero),"[538, 569, 571, 579, 585, 588, 590, 592, 594, 625, 626, 629, 641, 726, 898, 908]"
464,Perseta,[539]
465,Pensiunan,[539]
466,Polri,[539]
467,ASDP,"[540, 541]"
468,Ferry,[540]
469,Asuransi,"[542, 543, 544]"
470,Jasindo,[542]
471,Jiwasraya,"[544, 545]"
472,Askrindo,"[546, 547]"
473,Financial,[548]
474,Group,[548]
475,(IFG),[548]
476,BPUI,[549]
477,Mandiri,"[550, 551]"
478,Cihampelas,[551]
479,BNI,"[552, 553]"
480,46,[553]
481,Sintang,"[554, 713, 714]"
482,BRI,[555]
483,Unit,[555]
484,Prambanan,[555]
485,BTN,"[556, 557]"
486,Pluit,[557]
487,Barata,"[558, 559]"
488,Berdikari,"[560, 561]"
489,BGR,"[562, 563]"
490,Logistik,[562]
491,Bina,"[564, 565]"
492,Persero,"[565, 621, 623]"
493,Bio,"[566, 567]"
494,Farma,"[566, 567, 915, 916]"
495,BKI,[568]
496,Klasifikasi,[569]
497,BBI,[570]
498,Boma,[571]
499,Bisma,[571]
500,Indra,"[571, 586, 587]"
501,PTDI,[572]
502,Dirgantara,[573]
503,Garuda,"[574, 575]"
504,Emipersero,[576]
505,EMI,[577]
506,Garam,"[578, 579]"
507,Hutama,[580]
508,HK,[581]
509,Indah,"[582, 583]"
510,Inalum,[584]
511,Asahan,[585]
512,Aluminium,[585]
513,IKI,[588]
514,Industri,"[589, 591, 593, 601, 606, 656, 668, 742]"
515,Kapal,[589]
516,INUKI,[590]
517,ISN,[592]
518,Sandang,[593]
519,Nusantara,"[593, 626, 914]"
520,INTI,"[594, 595]"
521,Istaka,"[596, 597]"
522,Marga,"[598, 599]"
523,Purbaleunyi,[599]
524,KIW,[600]
525,Kawasan,"[601, 656, 914]"
526,Wijayakusuma,[601]
527,KBI,[602]
528,Kliring,[603]
529,Berjangka,[603]
530,Krakatau,"[604, 605]"
531,Steel,"[604, 605]"
532,Len,"[606, 607]"
533,PAL,"[608, 609]"
534,PANN,"[610, 611]"
535,Maritim,[611]
536,Pelindo,"[612, 615, 917, 920]"
537,II,"[612, 613, 891]"
538,Pelabuhan,"[613, 614, 918, 919]"
539,IV,"[614, 615]"
540,Balai,"[616, 617]"
541,Pustaka,"[616, 617]"
542,ITDC,[618]
543,Pengembangan,"[619, 657]"
544,Pariwisata,"[619, 659]"
545,PDI,[620]
546,PII,"[622, 623]"
547,Perinus,"[624, 625]"
548,PT.,[626]
549,Perkebunan,[626]
550,III,"[626, 627, 919, 920]"
551,PTPN,[627]
552,PNM,"[628, 629]"
553,Pertamina,"[630, 631]"
554,PGN,[632]
555,PLN,[634]
556,Listrik,[635]
557,Pindad,"[636, 637]"
558,Pos,"[638, 639]"
559,KC,"[639, 727]"
560,Pupuk,"[640, 641]"
561,Rajawali,[642]
562,Nusindo,[642]
563,ID,[643]
564,FOOD,[643]
565,Re,[644]
566,Reasuransi,[645]
567,Utama,"[645, 752]"
568,SHS,[646]
569,Sang,[647]
570,Hyang,[647]
571,Seri,[647]
572,Sidrap,[647]
573,SMI,[648]
574,Sarana,"[649, 662]"
575,Multi,[649]
576,Infrastruktur,[649]
577,Sarinah,"[650, 651]"
578,Superintending,[652]
579,Company,[652]
580,of,[652]
581,Sucofindo,[653]
582,Surveyor,[654]
583,PTSI,[655]
584,Armada,[657]
585,Niaga,[657]
586,Survai,[658]
587,Penas,[658]
588,Aviasi,[659]
589,Kertas,[660]
590,Kraft,[660]
591,KKA,[661]
592,Multigriya,[662]
593,Finansial,[662]
594,SMF-Indonesia,[663]
595,Primissima,"[664, 665]"
596,Batik,[665]
597,Dok,"[666, 906]"
598,Perkapalan,"[666, 906]"
599,Surabaya,"[666, 711, 712]"
600,DPS,[667]
601,Kereta,"[668, 743]"
602,Api,"[668, 743]"
603,INKA,"[669, 670]"
604,PPN/Bappenas,[671]
605,Bappenas,[672]
606,Kemensos,"[673, 674]"
607,Terorisme,[675]
608,BNPT,[676]
609,Bapeten,[677]
610,LPP,[679]
611,TVRI,[679]
612,Penyiaran,"[680, 769, 770]"
613,Publik,[680]
614,LPSK,[681]
615,Perlindungan,[682]
616,Saksi,[682]
617,Korban,[682]
618,BPKS,[683]
619,Batanghari,"[686, 687]"
620,Merangin,"[688, 689]"
621,Sarolangun,"[690, 691]"
622,Pemkaot,[692]
623,Jambi,"[692, 783, 784, 787]"
624,Penuh,"[693, 694]"
625,Kudus,"[698, 699]"
626,Pati,"[700, 701]"
627,Temanggung,"[702, 703]"
628,Magelang,"[704, 801, 802]"
629,Surakarta,"[705, 706]"
630,Nganjuk,"[708, 709]"
631,Berau,[717]
632,Jayawijaya,[718]
633,Kaimana,[719]
634,Lingga,[721]
635,Pringsewu,[723]
636,PNRI,[724]
637,Percetakan,[725]
638,Taspen,"[726, 727]"
639,HIN,[728]
640,Inna,[729]
641,Hotels,[729]
642,and,[729]
643,Resorts,[729]
644,Pegadaian,"[730, 731]"
645,Area,[731]
646,Pertani,"[732, 733]"
647,PPA,[734]
648,Pengelola,"[735, 771]"
649,Aset,[735]
650,PPI,[736]
651,Perdagangan,[737]
652,Semen,"[738, 739, 925, 926]"
653,Baturaja,"[738, 739]"
654,Iglas,"[740, 741]"
655,Gelas,[742]
656,KAI,[744]
657,Koperasi,[745]
658,UKM,[745]
659,KemenkopUKM,[746]
660,PANRB,"[747, 748]"
661,PPPA,[749]
662,PP,"[750, 923]"
663,&,"[750, 889]"
664,PA,[750]
665,Pemilu,[751]
666,Inspektur,[752]
667,Pengusahaan,[753]
668,(BP,[753]
669,Batam),[753]
670,BP,[754]
671,BPS,[755]
672,Statistik,[756]
673,Bali,[756]
674,SAR,[757]
675,(Basarnas),[757]
676,Pencarian,[758]
677,Pertolongan,[758]
678,(BNPP),[758]
679,HAM,"[759, 760]"
680,Komnas,[760]
681,Pemberantasan,[761]
682,Korupsi,[761]
683,KPK,[762]
684,LAN,[764]
685,Perpustakaan,"[765, 766]"
686,KKRI,[767]
687,Haji,[771]
688,BPKH,[772]
689,Penjamin,[773]
690,Simpanan,[773]
691,LPS,[774]
692,Otoritas,[775]
693,OJK,[776]
694,Satuan,[777]
695,Kerja,[777]
696,Pelaksana,[777]
697,Kegiatan,[777]
698,SKK,[778]
699,Pohuwato,"[781, 782]"
700,Muaro,"[783, 784]"
701,Cianjur,"[792, 793]"
702,Garut,"[794, 795]"
703,Majalengka,"[796, 797]"
704,Purwakarta,"[798, 799]"
705,Sragen,"[803, 804]"
706,Banyuwangi,"[807, 808]"
707,Gresik,"[809, 810]"
708,Sampang,"[815, 816]"
709,Situbondo,"[817, 818]"
710,Melawi,"[820, 821]"
711,Kuala,"[824, 825]"
712,Kotabaru,"[826, 827]"
713,Besar,[828]
714,Singkil,[829]
715,Tamiang,[830]
716,Bener,[833]
717,Meriah,[833]
718,Flores,"[834, 835, 836]"
719,Karimun,[840]
720,Katingan,[841]
721,Anambas,"[842, 843, 844]"
722,Lembata,[846]
723,Malaka,[849]
724,Merauke,[852]
725,Nagan,[853]
726,Ngada,[854]
727,Taliabu,"[856, 857, 858]"
728,Sarmi,[859]
729,Sikka,[860]
730,TTS,"[864, 868]"
731,Banda,[870]
732,Pemko,[871]
733,Lhokseumawe,"[871, 872]"
734,Sabang,[873]
735,Tidore,"[874, 875, 876]"
736,Kalsel,"[878, 879]"
737,Kaltim,"[880, 881, 889]"
738,Malut,"[883, 885]"
739,NAD,"[886, 887]"
740,Nangroe,[888]
741,Darussalam,[888]
742,Bulog,"[889, 890]"
743,Kanwil,[889]
744,Perhutani,"[893, 894]"
745,KPH,[893]
746,Divisi,[894]
747,Banten,[894]
748,PPD,[895]
749,Pengangkutan,[896]
750,Penumpang,[896]
751,Djakarta,"[896, 903, 904]"
752,Brantas,"[897, 898]"
753,Abipraya,"[897, 898]"
754,Dahana,"[899, 900]"
755,Danareksa,"[901, 902]"
756,Lloyd,"[903, 904]"
757,DKB,[905]
758,Kodja,[906]
759,Bahari,[906]
760,Geo,"[907, 908]"
761,Dipa,"[907, 908]"
762,Energi,"[907, 908]"
763,Jiep,[909]
764,Ecogreen,[909]
765,JIEP,[910]
766,Raharja,"[911, 912]"
767,KBN,[913]
768,Berikat,[914]
769,Kimia,"[915, 916]"
770,Tbk,[916]
771,Pelayaran,[921]
772,PELNI,[922]
773,TWC,[927]
774,Taman,[928]
775,Wisata,[928]
776,Candi,[928]
777,VTP,[929]
778,Varuna,[930]
779,Prakasya,[930]
780,Indofarma,"[931, 932, 933, 935]"
781,TBK,[931]
782,Global,"[932, 933]"
783,Medika,"[932, 933]"
784,IGM,[934]
785,Telkom,[936]
